[Genesis] [17:31:42] [WARNING] Neutral robot position (qpos0) exceeds joint limits.
--------------------------------------------------------------------------------
Resolved observation sets: 
	 actor :  ['policy']
	 critic :  ['policy']
--------------------------------------------------------------------------------
Actor Model: MLPModel(
  (obs_normalizer): EmpiricalNormalization()
  (distribution): GaussianDistribution()
  (mlp): MLP(
    (0): Linear(in_features=45, out_features=512, bias=True)
    (1): ELU(alpha=1.0)
    (2): Linear(in_features=512, out_features=256, bias=True)
    (3): ELU(alpha=1.0)
    (4): Linear(in_features=256, out_features=128, bias=True)
    (5): ELU(alpha=1.0)
    (6): Linear(in_features=128, out_features=12, bias=True)
  )
)
Critic Model: MLPModel(
  (obs_normalizer): EmpiricalNormalization()
  (mlp): MLP(
    (0): Linear(in_features=45, out_features=512, bias=True)
    (1): ELU(alpha=1.0)
    (2): Linear(in_features=512, out_features=256, bias=True)
    (3): ELU(alpha=1.0)
    (4): Linear(in_features=256, out_features=128, bias=True)
    (5): ELU(alpha=1.0)
    (6): Linear(in_features=128, out_features=1, bias=True)
  )
)
Could not find git repository in /opt/gen-venv/lib/python3.10/site-packages/rsl_rl/__init__.py. Skipping.
################################################################################
                            Learning iteration 0/500                             

                            Total steps: 98304 
                       Steps per second: 29326 
                        Collection time: 1.653s 
                          Learning time: 1.700s 
                        Mean value loss: 18.7062
                    Mean surrogate loss: 0.0017
                      Mean entropy loss: 17.0507
                            Mean reward: -11.04
                    Mean episode length: 22.91
                        Mean action std: 1.00
                /rew/similar_to_default: -0.2228
                  /rew/tracking_lin_vel: 0.2282
                  /rew/tracking_ang_vel: 0.0961
                       /rew/action_rate: -0.1360
                         /rew/lin_vel_z: -0.3220
                       /rew/base_height: -0.2121
--------------------------------------------------------------------------------
                         Iteration time: 3.35s
                           Time elapsed: 0:00:03
                                    ETA: 0:27:52

################################################################################
                            Learning iteration 1/500                             

                            Total steps: 196608 
                       Steps per second: 92062 
                        Collection time: 0.525s 
                          Learning time: 0.543s 
                        Mean value loss: 9.9266
                    Mean surrogate loss: -0.0061
                      Mean entropy loss: 17.0405
                            Mean reward: -10.93
                    Mean episode length: 28.87
                        Mean action std: 1.00
                /rew/similar_to_default: -0.2672
                  /rew/tracking_lin_vel: 0.3222
                  /rew/tracking_ang_vel: 0.1186
                       /rew/action_rate: -0.1727
                         /rew/lin_vel_z: -0.3392
                       /rew/base_height: -0.1976
--------------------------------------------------------------------------------
                         Iteration time: 1.07s
                           Time elapsed: 0:00:04
                                    ETA: 0:18:20

################################################################################
                            Learning iteration 2/500                             

                            Total steps: 294912 
                       Steps per second: 92058 
                        Collection time: 0.529s 
                          Learning time: 0.539s 
                        Mean value loss: 9.3212
                    Mean surrogate loss: -0.0057
                      Mean entropy loss: 17.0665
                            Mean reward: -11.33
                    Mean episode length: 29.28
                        Mean action std: 1.00
                /rew/similar_to_default: -0.2493
                  /rew/tracking_lin_vel: 0.2510
                  /rew/tracking_ang_vel: 0.1250
                       /rew/action_rate: -0.1670
                         /rew/lin_vel_z: -0.3138
                       /rew/base_height: -0.1881
--------------------------------------------------------------------------------
                         Iteration time: 1.07s
                           Time elapsed: 0:00:05
                                    ETA: 0:15:09

################################################################################
                            Learning iteration 3/500                             

                            Total steps: 393216 
                       Steps per second: 92103 
                        Collection time: 0.531s 
                          Learning time: 0.536s 
                        Mean value loss: 8.2672
                    Mean surrogate loss: -0.0046
                      Mean entropy loss: 17.0644
                            Mean reward: -10.15
                    Mean episode length: 27.24
                        Mean action std: 1.00
                /rew/similar_to_default: -0.2422
                  /rew/tracking_lin_vel: 0.2845
                  /rew/tracking_ang_vel: 0.1121
                       /rew/action_rate: -0.1634
                         /rew/lin_vel_z: -0.3006
                       /rew/base_height: -0.1745
--------------------------------------------------------------------------------
                         Iteration time: 1.07s
                           Time elapsed: 0:00:06
                                    ETA: 0:13:32

################################################################################
                            Learning iteration 4/500                             

                            Total steps: 491520 
                       Steps per second: 92551 
                        Collection time: 0.527s 
                          Learning time: 0.535s 
                        Mean value loss: 7.1567
                    Mean surrogate loss: -0.0044
                      Mean entropy loss: 17.0738
                            Mean reward: -9.88
                    Mean episode length: 26.10
                        Mean action std: 1.00
                /rew/similar_to_default: -0.2082
                  /rew/tracking_lin_vel: 0.2420
                  /rew/tracking_ang_vel: 0.1068
                       /rew/action_rate: -0.1472
                         /rew/lin_vel_z: -0.2870
                       /rew/base_height: -0.1662
--------------------------------------------------------------------------------
                         Iteration time: 1.06s
                           Time elapsed: 0:00:07
                                    ETA: 0:12:34

################################################################################
                            Learning iteration 5/500                             

                            Total steps: 589824 
                       Steps per second: 91870 
                        Collection time: 0.534s 
                          Learning time: 0.536s 
                        Mean value loss: 6.3460
                    Mean surrogate loss: -0.0052
                      Mean entropy loss: 17.0627
                            Mean reward: -8.62
                    Mean episode length: 23.54
                        Mean action std: 1.00
                /rew/similar_to_default: -0.2102
                  /rew/tracking_lin_vel: 0.2478
                  /rew/tracking_ang_vel: 0.1118
                       /rew/action_rate: -0.1493
                         /rew/lin_vel_z: -0.2787
                       /rew/base_height: -0.1643
--------------------------------------------------------------------------------
                         Iteration time: 1.07s
                           Time elapsed: 0:00:08
                                    ETA: 0:11:55

################################################################################
                            Learning iteration 6/500                             

                            Total steps: 688128 
                       Steps per second: 93151 
                        Collection time: 0.520s 
                          Learning time: 0.535s 
                        Mean value loss: 5.2287
                    Mean surrogate loss: -0.0064
                      Mean entropy loss: 17.0529
                            Mean reward: -7.30
                    Mean episode length: 21.29
                        Mean action std: 1.00
                /rew/similar_to_default: -0.1619
                  /rew/tracking_lin_vel: 0.2212
                  /rew/tracking_ang_vel: 0.0899
                       /rew/action_rate: -0.1212
                         /rew/lin_vel_z: -0.2605
                       /rew/base_height: -0.1492
--------------------------------------------------------------------------------
                         Iteration time: 1.06s
                           Time elapsed: 0:00:09
                                    ETA: 0:11:26

################################################################################
                            Learning iteration 7/500                             

                            Total steps: 786432 
                       Steps per second: 92538 
                        Collection time: 0.526s 
                          Learning time: 0.537s 
                        Mean value loss: 4.5768
                    Mean surrogate loss: -0.0072
                      Mean entropy loss: 17.0436
                            Mean reward: -7.50
                    Mean episode length: 22.68
                        Mean action std: 1.00
                /rew/similar_to_default: -0.1668
                  /rew/tracking_lin_vel: 0.1951
                  /rew/tracking_ang_vel: 0.0893
                       /rew/action_rate: -0.1263
                         /rew/lin_vel_z: -0.2516
                       /rew/base_height: -0.1481
--------------------------------------------------------------------------------
                         Iteration time: 1.06s
                           Time elapsed: 0:00:10
                                    ETA: 0:11:04

################################################################################
                            Learning iteration 8/500                             

                            Total steps: 884736 
                       Steps per second: 92372 
                        Collection time: 0.526s 
                          Learning time: 0.538s 
                        Mean value loss: 3.6525
                    Mean surrogate loss: -0.0083
                      Mean entropy loss: 17.0354
                            Mean reward: -6.46
                    Mean episode length: 18.26
                        Mean action std: 1.00
                /rew/similar_to_default: -0.1337
                  /rew/tracking_lin_vel: 0.1815
                  /rew/tracking_ang_vel: 0.0781
                       /rew/action_rate: -0.1059
                         /rew/lin_vel_z: -0.2405
                       /rew/base_height: -0.1439
--------------------------------------------------------------------------------
                         Iteration time: 1.06s
                           Time elapsed: 0:00:11
                                    ETA: 0:10:47

################################################################################
                            Learning iteration 9/500                             

                            Total steps: 983040 
                       Steps per second: 91877 
                        Collection time: 0.524s 
                          Learning time: 0.546s 
                        Mean value loss: 3.0660
                    Mean surrogate loss: -0.0115
                      Mean entropy loss: 17.0118
                            Mean reward: -6.28
                    Mean episode length: 16.58
                        Mean action std: 1.00
                /rew/similar_to_default: -0.1142
                  /rew/tracking_lin_vel: 0.1923
                  /rew/tracking_ang_vel: 0.0757
                       /rew/action_rate: -0.0935
                         /rew/lin_vel_z: -0.2279
                       /rew/base_height: -0.1381
--------------------------------------------------------------------------------
                         Iteration time: 1.07s
                           Time elapsed: 0:00:12
                                    ETA: 0:10:34

################################################################################
                           Learning iteration 10/500                             

                            Total steps: 1081344 
                       Steps per second: 92898 
                        Collection time: 0.523s 
                          Learning time: 0.535s 
                        Mean value loss: 2.4584
                    Mean surrogate loss: -0.0132
                      Mean entropy loss: 16.9961
                            Mean reward: -5.55
                    Mean episode length: 14.81
                        Mean action std: 1.00
                /rew/similar_to_default: -0.1031
                  /rew/tracking_lin_vel: 0.1749
                  /rew/tracking_ang_vel: 0.0762
                       /rew/action_rate: -0.0867
                         /rew/lin_vel_z: -0.2194
                       /rew/base_height: -0.1370
--------------------------------------------------------------------------------
                         Iteration time: 1.06s
                           Time elapsed: 0:00:13
                                    ETA: 0:10:22

################################################################################
                           Learning iteration 11/500                             

                            Total steps: 1179648 
                       Steps per second: 92667 
                        Collection time: 0.523s 
                          Learning time: 0.537s 
                        Mean value loss: 2.1133
                    Mean surrogate loss: -0.0133
                      Mean entropy loss: 16.9737
                            Mean reward: -5.15
                    Mean episode length: 14.78
                        Mean action std: 1.00
                /rew/similar_to_default: -0.0910
                  /rew/tracking_lin_vel: 0.1909
                  /rew/tracking_ang_vel: 0.0614
                       /rew/action_rate: -0.0795
                         /rew/lin_vel_z: -0.2074
                       /rew/base_height: -0.1349
--------------------------------------------------------------------------------
                         Iteration time: 1.06s
                           Time elapsed: 0:00:15
                                    ETA: 0:10:12

################################################################################
                           Learning iteration 12/500                             

                            Total steps: 1277952 
                       Steps per second: 93186 
                        Collection time: 0.519s 
                          Learning time: 0.536s 
                        Mean value loss: 2.0850
                    Mean surrogate loss: -0.0114
                      Mean entropy loss: 16.9544
                            Mean reward: -4.87
                    Mean episode length: 13.03
                        Mean action std: 0.99
                /rew/similar_to_default: -0.0814
                  /rew/tracking_lin_vel: 0.1932
                  /rew/tracking_ang_vel: 0.0645
                       /rew/action_rate: -0.0743
                         /rew/lin_vel_z: -0.1979
                       /rew/base_height: -0.1339
--------------------------------------------------------------------------------
                         Iteration time: 1.05s
                           Time elapsed: 0:00:16
                                    ETA: 0:10:03

################################################################################
                           Learning iteration 13/500                             

                            Total steps: 1376256 
                       Steps per second: 93185 
                        Collection time: 0.518s 
                          Learning time: 0.537s 
                        Mean value loss: 2.3822
                    Mean surrogate loss: -0.0073
                      Mean entropy loss: 16.9496
                            Mean reward: -4.54
                    Mean episode length: 12.34
                        Mean action std: 0.99
                /rew/similar_to_default: -0.0742
                  /rew/tracking_lin_vel: 0.2083
                  /rew/tracking_ang_vel: 0.0598
                       /rew/action_rate: -0.0691
                         /rew/lin_vel_z: -0.1835
                       /rew/base_height: -0.1337
--------------------------------------------------------------------------------
                         Iteration time: 1.05s
                           Time elapsed: 0:00:17
                                    ETA: 0:09:55

################################################################################
                           Learning iteration 14/500                             

                            Total steps: 1474560 
                       Steps per second: 92987 
                        Collection time: 0.519s 
                          Learning time: 0.538s 
                        Mean value loss: 2.6438
                    Mean surrogate loss: -0.0068
                      Mean entropy loss: 16.9426
                            Mean reward: -4.73
                    Mean episode length: 11.85
                        Mean action std: 0.99
                /rew/similar_to_default: -0.0721
                  /rew/tracking_lin_vel: 0.1954
                  /rew/tracking_ang_vel: 0.0558
                       /rew/action_rate: -0.0661
                         /rew/lin_vel_z: -0.1700
                       /rew/base_height: -0.1357
--------------------------------------------------------------------------------
                         Iteration time: 1.06s
                           Time elapsed: 0:00:18
                                    ETA: 0:09:49

################################################################################
                           Learning iteration 15/500                             

                            Total steps: 1572864 
                       Steps per second: 92501 
                        Collection time: 0.527s 
                          Learning time: 0.536s 
                        Mean value loss: 3.0047
                    Mean surrogate loss: -0.0061
                      Mean entropy loss: 16.9301
                            Mean reward: -2.29
                    Mean episode length: 12.63
                        Mean action std: 0.99
                /rew/similar_to_default: -0.0779
                  /rew/tracking_lin_vel: 0.2446
                  /rew/tracking_ang_vel: 0.0602
                       /rew/action_rate: -0.0702
                         /rew/lin_vel_z: -0.1583
                       /rew/base_height: -0.1371
--------------------------------------------------------------------------------
                         Iteration time: 1.06s
                           Time elapsed: 0:00:19
                                    ETA: 0:09:43

################################################################################
                           Learning iteration 16/500                             

                            Total steps: 1671168 
                       Steps per second: 93224 
                        Collection time: 0.518s 
                          Learning time: 0.536s 
                        Mean value loss: 3.6345
                    Mean surrogate loss: -0.0065
                      Mean entropy loss: 16.9169
                            Mean reward: -3.27
                    Mean episode length: 11.36
                        Mean action std: 0.99
                /rew/similar_to_default: -0.0725
                  /rew/tracking_lin_vel: 0.2361
                  /rew/tracking_ang_vel: 0.0523
                       /rew/action_rate: -0.0653
                         /rew/lin_vel_z: -0.1481
                       /rew/base_height: -0.1380
--------------------------------------------------------------------------------
                         Iteration time: 1.05s
                           Time elapsed: 0:00:20
                                    ETA: 0:09:37

################################################################################
                           Learning iteration 17/500                             

                            Total steps: 1769472 
                       Steps per second: 93152 
                        Collection time: 0.519s 
                          Learning time: 0.537s 
                        Mean value loss: 4.4857
                    Mean surrogate loss: -0.0083
                      Mean entropy loss: 16.8996
                            Mean reward: -2.26
                    Mean episode length: 13.05
                        Mean action std: 0.99
                /rew/similar_to_default: -0.0886
                  /rew/tracking_lin_vel: 0.2939
                  /rew/tracking_ang_vel: 0.0686
                       /rew/action_rate: -0.0755
                         /rew/lin_vel_z: -0.1490
                       /rew/base_height: -0.1398
--------------------------------------------------------------------------------
                         Iteration time: 1.06s
                           Time elapsed: 0:00:21
                                    ETA: 0:09:32

################################################################################
                           Learning iteration 18/500                             

                            Total steps: 1867776 
                       Steps per second: 93149 
                        Collection time: 0.518s 
                          Learning time: 0.537s 
                        Mean value loss: 4.8088
                    Mean surrogate loss: -0.0097
                      Mean entropy loss: 16.8672
                            Mean reward: -2.20
                    Mean episode length: 12.73
                        Mean action std: 0.99
                /rew/similar_to_default: -0.0767
                  /rew/tracking_lin_vel: 0.2473
                  /rew/tracking_ang_vel: 0.0567
                       /rew/action_rate: -0.0670
                         /rew/lin_vel_z: -0.1433
                       /rew/base_height: -0.1388
--------------------------------------------------------------------------------
                         Iteration time: 1.06s
                           Time elapsed: 0:00:22
                                    ETA: 0:09:28

################################################################################
                           Learning iteration 19/500                             

                            Total steps: 1966080 
                       Steps per second: 93064 
                        Collection time: 0.520s 
                          Learning time: 0.536s 
                        Mean value loss: 5.6439
                    Mean surrogate loss: -0.0097
                      Mean entropy loss: 16.8367
                            Mean reward: -1.27
                    Mean episode length: 13.66
                        Mean action std: 0.98
                /rew/similar_to_default: -0.0965
                  /rew/tracking_lin_vel: 0.3412
                  /rew/tracking_ang_vel: 0.0738
                       /rew/action_rate: -0.0788
                         /rew/lin_vel_z: -0.1419
                       /rew/base_height: -0.1427
--------------------------------------------------------------------------------
                         Iteration time: 1.06s
                           Time elapsed: 0:00:23
                                    ETA: 0:09:24

################################################################################
                           Learning iteration 20/500                             

                            Total steps: 2064384 
                       Steps per second: 92035 
                        Collection time: 0.524s 
                          Learning time: 0.544s 
                        Mean value loss: 6.6448
                    Mean surrogate loss: -0.0091
                      Mean entropy loss: 16.8156
                            Mean reward: -1.66
                    Mean episode length: 12.80
                        Mean action std: 0.98
                /rew/similar_to_default: -0.0999
                  /rew/tracking_lin_vel: 0.3426
                  /rew/tracking_ang_vel: 0.0679
                       /rew/action_rate: -0.0788
                         /rew/lin_vel_z: -0.1390
                       /rew/base_height: -0.1421
--------------------------------------------------------------------------------
                         Iteration time: 1.07s
                           Time elapsed: 0:00:24
                                    ETA: 0:09:20

################################################################################
                           Learning iteration 21/500                             

                            Total steps: 2162688 
                       Steps per second: 93489 
                        Collection time: 0.515s 
                          Learning time: 0.537s 
                        Mean value loss: 7.8087
                    Mean surrogate loss: -0.0077
                      Mean entropy loss: 16.7990
                            Mean reward: -0.71
                    Mean episode length: 15.71
                        Mean action std: 0.98
                /rew/similar_to_default: -0.1087
                  /rew/tracking_lin_vel: 0.3789
                  /rew/tracking_ang_vel: 0.0746
                       /rew/action_rate: -0.0841
                         /rew/lin_vel_z: -0.1415
                       /rew/base_height: -0.1437
--------------------------------------------------------------------------------
                         Iteration time: 1.05s
                           Time elapsed: 0:00:25
                                    ETA: 0:09:16

################################################################################
                           Learning iteration 22/500                             

                            Total steps: 2260992 
                       Steps per second: 92898 
                        Collection time: 0.521s 
                          Learning time: 0.537s 
                        Mean value loss: 9.0289
                    Mean surrogate loss: -0.0051
                      Mean entropy loss: 16.7969
                            Mean reward: -1.52
                    Mean episode length: 14.93
                        Mean action std: 0.98
                /rew/similar_to_default: -0.1202
                  /rew/tracking_lin_vel: 0.4046
                  /rew/tracking_ang_vel: 0.0853
                       /rew/action_rate: -0.0904
                         /rew/lin_vel_z: -0.1400
                       /rew/base_height: -0.1456
--------------------------------------------------------------------------------
                         Iteration time: 1.06s
                           Time elapsed: 0:00:26
                                    ETA: 0:09:13

################################################################################
                           Learning iteration 23/500                             

                            Total steps: 2359296 
                       Steps per second: 92629 
                        Collection time: 0.524s 
                          Learning time: 0.537s 
                        Mean value loss: 10.1555
                    Mean surrogate loss: -0.0059
                      Mean entropy loss: 16.7723
                            Mean reward: 0.32
                    Mean episode length: 17.53
                        Mean action std: 0.98
                /rew/similar_to_default: -0.1516
                  /rew/tracking_lin_vel: 0.5427
                  /rew/tracking_ang_vel: 0.0930
                       /rew/action_rate: -0.1085
                         /rew/lin_vel_z: -0.1409
                       /rew/base_height: -0.1491
--------------------------------------------------------------------------------
                         Iteration time: 1.06s
                           Time elapsed: 0:00:27
                                    ETA: 0:09:10

################################################################################
                           Learning iteration 24/500                             

                            Total steps: 2457600 
                       Steps per second: 92767 
                        Collection time: 0.522s 
                          Learning time: 0.537s 
                        Mean value loss: 10.8173
                    Mean surrogate loss: -0.0057
                      Mean entropy loss: 16.7758
                            Mean reward: 1.23
                    Mean episode length: 19.36
                        Mean action std: 0.98
                /rew/similar_to_default: -0.1577
                  /rew/tracking_lin_vel: 0.5355
                  /rew/tracking_ang_vel: 0.0994
                       /rew/action_rate: -0.1142
                         /rew/lin_vel_z: -0.1425
                       /rew/base_height: -0.1508
--------------------------------------------------------------------------------
                         Iteration time: 1.06s
                           Time elapsed: 0:00:28
                                    ETA: 0:09:07

################################################################################
                           Learning iteration 25/500                             

                            Total steps: 2555904 
                       Steps per second: 92909 
                        Collection time: 0.522s 
                          Learning time: 0.536s 
                        Mean value loss: 11.3066
                    Mean surrogate loss: -0.0055
                      Mean entropy loss: 16.7658
                            Mean reward: 3.27
                    Mean episode length: 22.39
                        Mean action std: 0.98
                /rew/similar_to_default: -0.1552
                  /rew/tracking_lin_vel: 0.5425
                  /rew/tracking_ang_vel: 0.1004
                       /rew/action_rate: -0.1118
                         /rew/lin_vel_z: -0.1367
                       /rew/base_height: -0.1509
--------------------------------------------------------------------------------
                         Iteration time: 1.06s
                           Time elapsed: 0:00:29
                                    ETA: 0:09:04

################################################################################
                           Learning iteration 26/500                             

                            Total steps: 2654208 
                       Steps per second: 92537 
                        Collection time: 0.526s 
                          Learning time: 0.536s 
                        Mean value loss: 10.9988
                    Mean surrogate loss: -0.0065
                      Mean entropy loss: 16.7561
                            Mean reward: 1.89
                    Mean episode length: 19.89
                        Mean action std: 0.98
                /rew/similar_to_default: -0.1882
                  /rew/tracking_lin_vel: 0.6422
                  /rew/tracking_ang_vel: 0.1183
                       /rew/action_rate: -0.1276
                         /rew/lin_vel_z: -0.1368
                       /rew/base_height: -0.1553
--------------------------------------------------------------------------------
                         Iteration time: 1.06s
                           Time elapsed: 0:00:30
                                    ETA: 0:09:01

################################################################################
                           Learning iteration 27/500                             

                            Total steps: 2752512 
                       Steps per second: 92768 
                        Collection time: 0.522s 
                          Learning time: 0.537s 
                        Mean value loss: 11.2039
                    Mean surrogate loss: -0.0052
                      Mean entropy loss: 16.7363
                            Mean reward: 2.40
                    Mean episode length: 21.55
                        Mean action std: 0.98
                /rew/similar_to_default: -0.1764
                  /rew/tracking_lin_vel: 0.5774
                  /rew/tracking_ang_vel: 0.1062
                       /rew/action_rate: -0.1204
                         /rew/lin_vel_z: -0.1365
                       /rew/base_height: -0.1537
--------------------------------------------------------------------------------
                         Iteration time: 1.06s
                           Time elapsed: 0:00:31
                                    ETA: 0:08:59

################################################################################
                           Learning iteration 28/500                             

                            Total steps: 2850816 
                       Steps per second: 92712 
                        Collection time: 0.523s 
                          Learning time: 0.537s 
                        Mean value loss: 11.0077
                    Mean surrogate loss: -0.0082
                      Mean entropy loss: 16.7296
                            Mean reward: 3.45
                    Mean episode length: 22.93
                        Mean action std: 0.98
                /rew/similar_to_default: -0.2126
                  /rew/tracking_lin_vel: 0.7584
                  /rew/tracking_ang_vel: 0.1261
                       /rew/action_rate: -0.1374
                         /rew/lin_vel_z: -0.1369
                       /rew/base_height: -0.1591
--------------------------------------------------------------------------------
                         Iteration time: 1.06s
                           Time elapsed: 0:00:33
                                    ETA: 0:08:56

################################################################################
                           Learning iteration 29/500                             

                            Total steps: 2949120 
                       Steps per second: 92392 
                        Collection time: 0.527s 
                          Learning time: 0.537s 
                        Mean value loss: 10.5770
                    Mean surrogate loss: -0.0057
                      Mean entropy loss: 16.7240
                            Mean reward: 11.97
                    Mean episode length: 35.23
                        Mean action std: 0.98
                /rew/similar_to_default: -0.2690
                  /rew/tracking_lin_vel: 1.0620
                  /rew/tracking_ang_vel: 0.1619
                       /rew/action_rate: -0.1807
                         /rew/lin_vel_z: -0.1412
                       /rew/base_height: -0.1633
--------------------------------------------------------------------------------
                         Iteration time: 1.06s
                           Time elapsed: 0:00:34
                                    ETA: 0:08:54

################################################################################
                           Learning iteration 30/500                             

                            Total steps: 3047424 
                       Steps per second: 92447 
                        Collection time: 0.527s 
                          Learning time: 0.536s 
                        Mean value loss: 9.6991
                    Mean surrogate loss: -0.0073
                      Mean entropy loss: 16.7272
                            Mean reward: 7.50
                    Mean episode length: 29.25
                        Mean action std: 0.97
                /rew/similar_to_default: -0.2656
                  /rew/tracking_lin_vel: 1.0636
                  /rew/tracking_ang_vel: 0.1690
                       /rew/action_rate: -0.1815
                         /rew/lin_vel_z: -0.1417
                       /rew/base_height: -0.1655
--------------------------------------------------------------------------------
                         Iteration time: 1.06s
                           Time elapsed: 0:00:35
                                    ETA: 0:08:52

################################################################################
                           Learning iteration 31/500                             

                            Total steps: 3145728 
                       Steps per second: 92515 
                        Collection time: 0.526s 
                          Learning time: 0.536s 
                        Mean value loss: 9.4192
                    Mean surrogate loss: -0.0072
                      Mean entropy loss: 16.6999
                            Mean reward: 7.56
                    Mean episode length: 31.37
                        Mean action std: 0.97
                /rew/similar_to_default: -0.2918
                  /rew/tracking_lin_vel: 1.0282
                  /rew/tracking_ang_vel: 0.1594
                       /rew/action_rate: -0.1819
                         /rew/lin_vel_z: -0.1434
                       /rew/base_height: -0.1665
--------------------------------------------------------------------------------
                         Iteration time: 1.06s
                           Time elapsed: 0:00:36
                                    ETA: 0:08:49

################################################################################
                           Learning iteration 32/500                             

                            Total steps: 3244032 
                       Steps per second: 92563 
                        Collection time: 0.527s 
                          Learning time: 0.535s 
                        Mean value loss: 9.1624
                    Mean surrogate loss: -0.0074
                      Mean entropy loss: 16.6740
                            Mean reward: 9.34
                    Mean episode length: 34.19
                        Mean action std: 0.97
                /rew/similar_to_default: -0.3012
                  /rew/tracking_lin_vel: 1.0999
                  /rew/tracking_ang_vel: 0.1499
                       /rew/action_rate: -0.1930
                         /rew/lin_vel_z: -0.1402
                       /rew/base_height: -0.1641
--------------------------------------------------------------------------------
                         Iteration time: 1.06s
                           Time elapsed: 0:00:37
                                    ETA: 0:08:47

################################################################################
                           Learning iteration 33/500                             

                            Total steps: 3342336 
                       Steps per second: 92397 
                        Collection time: 0.527s 
                          Learning time: 0.537s 
                        Mean value loss: 8.9128
                    Mean surrogate loss: -0.0082
                      Mean entropy loss: 16.6597
                            Mean reward: 8.02
                    Mean episode length: 32.36
                        Mean action std: 0.97
                /rew/similar_to_default: -0.2950
                  /rew/tracking_lin_vel: 1.0399
                  /rew/tracking_ang_vel: 0.1621
                       /rew/action_rate: -0.1877
                         /rew/lin_vel_z: -0.1353
                       /rew/base_height: -0.1720
--------------------------------------------------------------------------------
                         Iteration time: 1.06s
                           Time elapsed: 0:00:38
                                    ETA: 0:08:45

################################################################################
                           Learning iteration 34/500                             

                            Total steps: 3440640 
                       Steps per second: 92608 
                        Collection time: 0.525s 
                          Learning time: 0.537s 
                        Mean value loss: 8.9354
                    Mean surrogate loss: -0.0064
                      Mean entropy loss: 16.6382
                            Mean reward: 8.04
                    Mean episode length: 32.69
                        Mean action std: 0.97
                /rew/similar_to_default: -0.3387
                  /rew/tracking_lin_vel: 1.2451
                  /rew/tracking_ang_vel: 0.1852
                       /rew/action_rate: -0.2137
                         /rew/lin_vel_z: -0.1470
                       /rew/base_height: -0.1691
--------------------------------------------------------------------------------
                         Iteration time: 1.06s
                           Time elapsed: 0:00:39
                                    ETA: 0:08:43

################################################################################
                           Learning iteration 35/500                             

                            Total steps: 3538944 
                       Steps per second: 92268 
                        Collection time: 0.529s 
                          Learning time: 0.536s 
                        Mean value loss: 8.0541
                    Mean surrogate loss: -0.0075
                      Mean entropy loss: 16.6255
                            Mean reward: 22.25
                    Mean episode length: 53.72
                        Mean action std: 0.97
                /rew/similar_to_default: -0.4490
                  /rew/tracking_lin_vel: 1.7932
                  /rew/tracking_ang_vel: 0.2487
                       /rew/action_rate: -0.2852
                         /rew/lin_vel_z: -0.1446
                       /rew/base_height: -0.1772
--------------------------------------------------------------------------------
                         Iteration time: 1.07s
                           Time elapsed: 0:00:40
                                    ETA: 0:08:41

################################################################################
                           Learning iteration 36/500                             

                            Total steps: 3637248 
                       Steps per second: 92534 
                        Collection time: 0.526s 
                          Learning time: 0.537s 
                        Mean value loss: 7.9574
                    Mean surrogate loss: -0.0081
                      Mean entropy loss: 16.6005
                            Mean reward: 7.15
                    Mean episode length: 30.97
                        Mean action std: 0.96
                /rew/similar_to_default: -0.2963
                  /rew/tracking_lin_vel: 1.0276
                  /rew/tracking_ang_vel: 0.1751
                       /rew/action_rate: -0.1869
                         /rew/lin_vel_z: -0.1363
                       /rew/base_height: -0.1703
--------------------------------------------------------------------------------
                         Iteration time: 1.06s
                           Time elapsed: 0:00:41
                                    ETA: 0:08:39

################################################################################
                           Learning iteration 37/500                             

                            Total steps: 3735552 
                       Steps per second: 92684 
                        Collection time: 0.524s 
                          Learning time: 0.536s 
                        Mean value loss: 7.8838
                    Mean surrogate loss: -0.0081
                      Mean entropy loss: 16.5845
                            Mean reward: 7.26
                    Mean episode length: 29.28
                        Mean action std: 0.96
                /rew/similar_to_default: -0.2695
                  /rew/tracking_lin_vel: 0.9073
                  /rew/tracking_ang_vel: 0.1770
                       /rew/action_rate: -0.1641
                         /rew/lin_vel_z: -0.1324
                       /rew/base_height: -0.1650
--------------------------------------------------------------------------------
                         Iteration time: 1.06s
                           Time elapsed: 0:00:42
                                    ETA: 0:08:38

################################################################################
                           Learning iteration 38/500                             

                            Total steps: 3833856 
                       Steps per second: 92708 
                        Collection time: 0.523s 
                          Learning time: 0.537s 
                        Mean value loss: 7.9091
                    Mean surrogate loss: -0.0084
                      Mean entropy loss: 16.5798
                            Mean reward: 11.23
                    Mean episode length: 36.77
                        Mean action std: 0.96
                /rew/similar_to_default: -0.3274
                  /rew/tracking_lin_vel: 1.1915
                  /rew/tracking_ang_vel: 0.1878
                       /rew/action_rate: -0.2077
                         /rew/lin_vel_z: -0.1387
                       /rew/base_height: -0.1713
--------------------------------------------------------------------------------
                         Iteration time: 1.06s
                           Time elapsed: 0:00:43
                                    ETA: 0:08:36

################################################################################
                           Learning iteration 39/500                             

                            Total steps: 3932160 
                       Steps per second: 92607 
                        Collection time: 0.526s 
                          Learning time: 0.536s 
                        Mean value loss: 7.6889
                    Mean surrogate loss: -0.0081
                      Mean entropy loss: 16.5701
                            Mean reward: 13.15
                    Mean episode length: 38.78
                        Mean action std: 0.96
                /rew/similar_to_default: -0.3483
                  /rew/tracking_lin_vel: 1.3120
                  /rew/tracking_ang_vel: 0.1847
                       /rew/action_rate: -0.2205
                         /rew/lin_vel_z: -0.1351
                       /rew/base_height: -0.1682
--------------------------------------------------------------------------------
                         Iteration time: 1.06s
                           Time elapsed: 0:00:44
                                    ETA: 0:08:34

################################################################################
                           Learning iteration 40/500                             

                            Total steps: 4030464 
                       Steps per second: 92903 
                        Collection time: 0.522s 
                          Learning time: 0.536s 
                        Mean value loss: 7.4629
                    Mean surrogate loss: -0.0085
                      Mean entropy loss: 16.5573
                            Mean reward: 10.37
                    Mean episode length: 34.46
                        Mean action std: 0.96
                /rew/similar_to_default: -0.3334
                  /rew/tracking_lin_vel: 1.2074
                  /rew/tracking_ang_vel: 0.1987
                       /rew/action_rate: -0.2091
                         /rew/lin_vel_z: -0.1371
                       /rew/base_height: -0.1686
--------------------------------------------------------------------------------
                         Iteration time: 1.06s
                           Time elapsed: 0:00:45
                                    ETA: 0:08:32

################################################################################
                           Learning iteration 41/500                             

                            Total steps: 4128768 
                       Steps per second: 92382 
                        Collection time: 0.528s 
                          Learning time: 0.537s 
                        Mean value loss: 7.6210
                    Mean surrogate loss: -0.0086
                      Mean entropy loss: 16.5512
                            Mean reward: 14.52
                    Mean episode length: 42.78
                        Mean action std: 0.96
                /rew/similar_to_default: -0.4072
                  /rew/tracking_lin_vel: 1.4737
                  /rew/tracking_ang_vel: 0.2263
                       /rew/action_rate: -0.2462
                         /rew/lin_vel_z: -0.1406
                       /rew/base_height: -0.1947
--------------------------------------------------------------------------------
                         Iteration time: 1.06s
                           Time elapsed: 0:00:46
                                    ETA: 0:08:30

################################################################################
                           Learning iteration 42/500                             

                            Total steps: 4227072 
                       Steps per second: 92549 
                        Collection time: 0.526s 
                          Learning time: 0.536s 
                        Mean value loss: 8.2391
                    Mean surrogate loss: -0.0079
                      Mean entropy loss: 16.5497
                            Mean reward: 13.45
                    Mean episode length: 41.57
                        Mean action std: 0.96
                /rew/similar_to_default: -0.3917
                  /rew/tracking_lin_vel: 1.4219
                  /rew/tracking_ang_vel: 0.2548
                       /rew/action_rate: -0.2494
                         /rew/lin_vel_z: -0.1391
                       /rew/base_height: -0.1909
--------------------------------------------------------------------------------
                         Iteration time: 1.06s
                           Time elapsed: 0:00:47
                                    ETA: 0:08:29

################################################################################
                           Learning iteration 43/500                             

                            Total steps: 4325376 
                       Steps per second: 92466 
                        Collection time: 0.525s 
                          Learning time: 0.538s 
                        Mean value loss: 7.4992
                    Mean surrogate loss: -0.0084
                      Mean entropy loss: 16.5501
                            Mean reward: 22.64
                    Mean episode length: 55.48
                        Mean action std: 0.96
                /rew/similar_to_default: -0.5317
                  /rew/tracking_lin_vel: 2.0463
                  /rew/tracking_ang_vel: 0.2747
                       /rew/action_rate: -0.3320
                         /rew/lin_vel_z: -0.1419
                       /rew/base_height: -0.1997
--------------------------------------------------------------------------------
                         Iteration time: 1.06s
                           Time elapsed: 0:00:48
                                    ETA: 0:08:27

################################################################################
                           Learning iteration 44/500                             

                            Total steps: 4423680 
                       Steps per second: 92560 
                        Collection time: 0.524s 
                          Learning time: 0.538s 
                        Mean value loss: 7.2916
                    Mean surrogate loss: -0.0080
                      Mean entropy loss: 16.5285
                            Mean reward: 20.10
                    Mean episode length: 52.61
                        Mean action std: 0.96
                /rew/similar_to_default: -0.5166
                  /rew/tracking_lin_vel: 1.9345
                  /rew/tracking_ang_vel: 0.2858
                       /rew/action_rate: -0.3145
                         /rew/lin_vel_z: -0.1491
                       /rew/base_height: -0.1898
--------------------------------------------------------------------------------
                         Iteration time: 1.06s
                           Time elapsed: 0:00:50
                                    ETA: 0:08:26

################################################################################
                           Learning iteration 45/500                             

                            Total steps: 4521984 
                       Steps per second: 92270 
                        Collection time: 0.530s 
                          Learning time: 0.536s 
                        Mean value loss: 7.5452
                    Mean surrogate loss: -0.0075
                      Mean entropy loss: 16.5066
                            Mean reward: 9.70
                    Mean episode length: 35.29
                        Mean action std: 0.96
                /rew/similar_to_default: -0.3661
                  /rew/tracking_lin_vel: 1.2276
                  /rew/tracking_ang_vel: 0.2057
                       /rew/action_rate: -0.2177
                         /rew/lin_vel_z: -0.1333
                       /rew/base_height: -0.1821
--------------------------------------------------------------------------------
                         Iteration time: 1.07s
                           Time elapsed: 0:00:51
                                    ETA: 0:08:24

################################################################################
                           Learning iteration 46/500                             

                            Total steps: 4620288 
                       Steps per second: 92637 
                        Collection time: 0.525s 
                          Learning time: 0.536s 
                        Mean value loss: 7.0531
                    Mean surrogate loss: -0.0077
                      Mean entropy loss: 16.5060
                            Mean reward: 13.68
                    Mean episode length: 40.58
                        Mean action std: 0.96
                /rew/similar_to_default: -0.3656
                  /rew/tracking_lin_vel: 1.2320
                  /rew/tracking_ang_vel: 0.2051
                       /rew/action_rate: -0.2177
                         /rew/lin_vel_z: -0.1396
                       /rew/base_height: -0.1699
--------------------------------------------------------------------------------
                         Iteration time: 1.06s
                           Time elapsed: 0:00:52
                                    ETA: 0:08:22

################################################################################
                           Learning iteration 47/500                             

                            Total steps: 4718592 
                       Steps per second: 92353 
                        Collection time: 0.529s 
                          Learning time: 0.536s 
                        Mean value loss: 7.2035
                    Mean surrogate loss: -0.0084
                      Mean entropy loss: 16.4954
                            Mean reward: 15.92
                    Mean episode length: 47.17
                        Mean action std: 0.96
                /rew/similar_to_default: -0.4777
                  /rew/tracking_lin_vel: 1.6709
                  /rew/tracking_ang_vel: 0.2423
                       /rew/action_rate: -0.2849
                         /rew/lin_vel_z: -0.1444
                       /rew/base_height: -0.1850
--------------------------------------------------------------------------------
                         Iteration time: 1.06s
                           Time elapsed: 0:00:53
                                    ETA: 0:08:21

################################################################################
                           Learning iteration 48/500                             

                            Total steps: 4816896 
                       Steps per second: 92298 
                        Collection time: 0.530s 
                          Learning time: 0.535s 
                        Mean value loss: 7.8906
                    Mean surrogate loss: -0.0088
                      Mean entropy loss: 16.5043
                            Mean reward: 13.83
                    Mean episode length: 43.26
                        Mean action std: 0.96
                /rew/similar_to_default: -0.4164
                  /rew/tracking_lin_vel: 1.4401
                  /rew/tracking_ang_vel: 0.2474
                       /rew/action_rate: -0.2500
                         /rew/lin_vel_z: -0.1418
                       /rew/base_height: -0.1794
--------------------------------------------------------------------------------
                         Iteration time: 1.07s
                           Time elapsed: 0:00:54
                                    ETA: 0:08:19

################################################################################
                           Learning iteration 49/500                             

                            Total steps: 4915200 
                       Steps per second: 91913 
                        Collection time: 0.533s 
                          Learning time: 0.536s 
                        Mean value loss: 7.3618
                    Mean surrogate loss: -0.0084
                      Mean entropy loss: 16.5031
                            Mean reward: 21.65
                    Mean episode length: 54.25
                        Mean action std: 0.96
                /rew/similar_to_default: -0.5212
                  /rew/tracking_lin_vel: 1.9988
                  /rew/tracking_ang_vel: 0.3065
                       /rew/action_rate: -0.3264
                         /rew/lin_vel_z: -0.1469
                       /rew/base_height: -0.1867
--------------------------------------------------------------------------------
                         Iteration time: 1.07s
                           Time elapsed: 0:00:55
                                    ETA: 0:08:18

################################################################################
                           Learning iteration 50/500                             

                            Total steps: 5013504 
                       Steps per second: 92338 
                        Collection time: 0.528s 
                          Learning time: 0.537s 
                        Mean value loss: 7.4912
                    Mean surrogate loss: -0.0083
                      Mean entropy loss: 16.5025
                            Mean reward: 21.57
                    Mean episode length: 54.47
                        Mean action std: 0.96
                /rew/similar_to_default: -0.4952
                  /rew/tracking_lin_vel: 1.8518
                  /rew/tracking_ang_vel: 0.2611
                       /rew/action_rate: -0.3002
                         /rew/lin_vel_z: -0.1475
                       /rew/base_height: -0.1782
--------------------------------------------------------------------------------
                         Iteration time: 1.06s
                           Time elapsed: 0:00:56
                                    ETA: 0:08:16

################################################################################
                           Learning iteration 51/500                             

                            Total steps: 5111808 
                       Steps per second: 92087 
                        Collection time: 0.529s 
                          Learning time: 0.538s 
                        Mean value loss: 7.1322
                    Mean surrogate loss: -0.0080
                      Mean entropy loss: 16.5228
                            Mean reward: 20.65
                    Mean episode length: 53.78
                        Mean action std: 0.96
                /rew/similar_to_default: -0.5384
                  /rew/tracking_lin_vel: 1.9693
                  /rew/tracking_ang_vel: 0.3319
                       /rew/action_rate: -0.3335
                         /rew/lin_vel_z: -0.1418
                       /rew/base_height: -0.1866
--------------------------------------------------------------------------------
                         Iteration time: 1.07s
                           Time elapsed: 0:00:57
                                    ETA: 0:08:15

################################################################################
                           Learning iteration 52/500                             

                            Total steps: 5210112 
                       Steps per second: 92456 
                        Collection time: 0.528s 
                          Learning time: 0.536s 
                        Mean value loss: 7.1846
                    Mean surrogate loss: -0.0095
                      Mean entropy loss: 16.5347
                            Mean reward: 22.28
                    Mean episode length: 56.14
                        Mean action std: 0.96
                /rew/similar_to_default: -0.5056
                  /rew/tracking_lin_vel: 1.8095
                  /rew/tracking_ang_vel: 0.3046
                       /rew/action_rate: -0.3070
                         /rew/lin_vel_z: -0.1470
                       /rew/base_height: -0.1816
--------------------------------------------------------------------------------
                         Iteration time: 1.06s
                           Time elapsed: 0:00:58
                                    ETA: 0:08:13

################################################################################
                           Learning iteration 53/500                             

                            Total steps: 5308416 
                       Steps per second: 92296 
                        Collection time: 0.529s 
                          Learning time: 0.536s 
                        Mean value loss: 6.9153
                    Mean surrogate loss: -0.0089
                      Mean entropy loss: 16.5409
                            Mean reward: 26.27
                    Mean episode length: 64.32
                        Mean action std: 0.96
                /rew/similar_to_default: -0.6203
                  /rew/tracking_lin_vel: 2.3477
                  /rew/tracking_ang_vel: 0.3523
                       /rew/action_rate: -0.3897
                         /rew/lin_vel_z: -0.1531
                       /rew/base_height: -0.1910
--------------------------------------------------------------------------------
                         Iteration time: 1.07s
                           Time elapsed: 0:00:59
                                    ETA: 0:08:12

################################################################################
                           Learning iteration 54/500                             

                            Total steps: 5406720 
                       Steps per second: 92389 
                        Collection time: 0.529s 
                          Learning time: 0.535s 
                        Mean value loss: 7.0644
                    Mean surrogate loss: -0.0082
                      Mean entropy loss: 16.5349
                            Mean reward: 21.85
                    Mean episode length: 55.56
                        Mean action std: 0.96
                /rew/similar_to_default: -0.5265
                  /rew/tracking_lin_vel: 1.8051
                  /rew/tracking_ang_vel: 0.3000
                       /rew/action_rate: -0.3170
                         /rew/lin_vel_z: -0.1420
                       /rew/base_height: -0.1833
--------------------------------------------------------------------------------
                         Iteration time: 1.06s
                           Time elapsed: 0:01:00
                                    ETA: 0:08:11

################################################################################
                           Learning iteration 55/500                             

                            Total steps: 5505024 
                       Steps per second: 92893 
                        Collection time: 0.522s 
                          Learning time: 0.537s 
                        Mean value loss: 7.6297
                    Mean surrogate loss: -0.0097
                      Mean entropy loss: 16.5460
                            Mean reward: 22.83
                    Mean episode length: 59.32
                        Mean action std: 0.96
                /rew/similar_to_default: -0.5592
                  /rew/tracking_lin_vel: 1.9465
                  /rew/tracking_ang_vel: 0.2927
                       /rew/action_rate: -0.3383
                         /rew/lin_vel_z: -0.1455
                       /rew/base_height: -0.1858
--------------------------------------------------------------------------------
                         Iteration time: 1.06s
                           Time elapsed: 0:01:01
                                    ETA: 0:08:09

################################################################################
                           Learning iteration 56/500                             

                            Total steps: 5603328 
                       Steps per second: 92450 
                        Collection time: 0.527s 
                          Learning time: 0.536s 
                        Mean value loss: 7.8869
                    Mean surrogate loss: -0.0093
                      Mean entropy loss: 16.5559
                            Mean reward: 21.96
                    Mean episode length: 54.41
                        Mean action std: 0.96
                /rew/similar_to_default: -0.5371
                  /rew/tracking_lin_vel: 2.0708
                  /rew/tracking_ang_vel: 0.3683
                       /rew/action_rate: -0.3427
                         /rew/lin_vel_z: -0.1473
                       /rew/base_height: -0.1832
--------------------------------------------------------------------------------
                         Iteration time: 1.06s
                           Time elapsed: 0:01:02
                                    ETA: 0:08:08

################################################################################
                           Learning iteration 57/500                             

                            Total steps: 5701632 
                       Steps per second: 92853 
                        Collection time: 0.527s 
                          Learning time: 0.531s 
                        Mean value loss: 7.6936
                    Mean surrogate loss: -0.0096
                      Mean entropy loss: 16.5621
                            Mean reward: 23.52
                    Mean episode length: 57.98
                        Mean action std: 0.96
                /rew/similar_to_default: -0.5158
                  /rew/tracking_lin_vel: 1.9557
                  /rew/tracking_ang_vel: 0.2988
                       /rew/action_rate: -0.3295
                         /rew/lin_vel_z: -0.1448
                       /rew/base_height: -0.1830
--------------------------------------------------------------------------------
                         Iteration time: 1.06s
                           Time elapsed: 0:01:03
                                    ETA: 0:08:06

################################################################################
                           Learning iteration 58/500                             

                            Total steps: 5799936 
                       Steps per second: 92368 
                        Collection time: 0.527s 
                          Learning time: 0.537s 
                        Mean value loss: 8.3344
                    Mean surrogate loss: -0.0075
                      Mean entropy loss: 16.5673
                            Mean reward: 18.72
                    Mean episode length: 50.46
                        Mean action std: 0.96
                /rew/similar_to_default: -0.5475
                  /rew/tracking_lin_vel: 2.0253
                  /rew/tracking_ang_vel: 0.3605
                       /rew/action_rate: -0.3448
                         /rew/lin_vel_z: -0.1473
                       /rew/base_height: -0.1817
--------------------------------------------------------------------------------
                         Iteration time: 1.06s
                           Time elapsed: 0:01:04
                                    ETA: 0:08:05

################################################################################
                           Learning iteration 59/500                             

                            Total steps: 5898240 
                       Steps per second: 92073 
                        Collection time: 0.535s 
                          Learning time: 0.532s 
                        Mean value loss: 8.4183
                    Mean surrogate loss: -0.0089
                      Mean entropy loss: 16.5646
                            Mean reward: 41.11
                    Mean episode length: 83.24
                        Mean action std: 0.96
                /rew/similar_to_default: -0.7489
                  /rew/tracking_lin_vel: 3.2368
                  /rew/tracking_ang_vel: 0.5145
                       /rew/action_rate: -0.5040
                         /rew/lin_vel_z: -0.1627
                       /rew/base_height: -0.1876
--------------------------------------------------------------------------------
                         Iteration time: 1.07s
                           Time elapsed: 0:01:06
                                    ETA: 0:08:04

################################################################################
                           Learning iteration 60/500                             

                            Total steps: 5996544 
                       Steps per second: 92573 
                        Collection time: 0.530s 
                          Learning time: 0.532s 
                        Mean value loss: 8.4442
                    Mean surrogate loss: -0.0087
                      Mean entropy loss: 16.5796
                            Mean reward: 25.01
                    Mean episode length: 59.63
                        Mean action std: 0.96
                /rew/similar_to_default: -0.6902
                  /rew/tracking_lin_vel: 2.8314
                  /rew/tracking_ang_vel: 0.4017
                       /rew/action_rate: -0.4442
                         /rew/lin_vel_z: -0.1603
                       /rew/base_height: -0.1905
--------------------------------------------------------------------------------
                         Iteration time: 1.06s
                           Time elapsed: 0:01:07
                                    ETA: 0:08:02

################################################################################
                           Learning iteration 61/500                             

                            Total steps: 6094848 
                       Steps per second: 92679 
                        Collection time: 0.530s 
                          Learning time: 0.531s 
                        Mean value loss: 8.8453
                    Mean surrogate loss: -0.0084
                      Mean entropy loss: 16.5947
                            Mean reward: 28.52
                    Mean episode length: 64.07
                        Mean action std: 0.97
                /rew/similar_to_default: -0.6293
                  /rew/tracking_lin_vel: 2.4701
                  /rew/tracking_ang_vel: 0.4086
                       /rew/action_rate: -0.4072
                         /rew/lin_vel_z: -0.1491
                       /rew/base_height: -0.1881
--------------------------------------------------------------------------------
                         Iteration time: 1.06s
                           Time elapsed: 0:01:08
                                    ETA: 0:08:01

################################################################################
                           Learning iteration 62/500                             

                            Total steps: 6193152 
                       Steps per second: 93047 
                        Collection time: 0.524s 
                          Learning time: 0.532s 
                        Mean value loss: 9.2903
                    Mean surrogate loss: -0.0090
                      Mean entropy loss: 16.6034
                            Mean reward: 27.51
                    Mean episode length: 64.21
                        Mean action std: 0.97
                /rew/similar_to_default: -0.5938
                  /rew/tracking_lin_vel: 2.2275
                  /rew/tracking_ang_vel: 0.3760
                       /rew/action_rate: -0.3858
                         /rew/lin_vel_z: -0.1528
                       /rew/base_height: -0.1891
--------------------------------------------------------------------------------
                         Iteration time: 1.06s
                           Time elapsed: 0:01:09
                                    ETA: 0:07:59

################################################################################
                           Learning iteration 63/500                             

                            Total steps: 6291456 
                       Steps per second: 92944 
                        Collection time: 0.525s 
                          Learning time: 0.532s 
                        Mean value loss: 9.2854
                    Mean surrogate loss: -0.0084
                      Mean entropy loss: 16.6228
                            Mean reward: 24.42
                    Mean episode length: 62.09
                        Mean action std: 0.97
                /rew/similar_to_default: -0.6077
                  /rew/tracking_lin_vel: 2.1571
                  /rew/tracking_ang_vel: 0.3433
                       /rew/action_rate: -0.3739
                         /rew/lin_vel_z: -0.1582
                       /rew/base_height: -0.1858
--------------------------------------------------------------------------------
                         Iteration time: 1.06s
                           Time elapsed: 0:01:10
                                    ETA: 0:07:58

################################################################################
                           Learning iteration 64/500                             

                            Total steps: 6389760 
                       Steps per second: 92946 
                        Collection time: 0.526s 
                          Learning time: 0.532s 
                        Mean value loss: 9.9644
                    Mean surrogate loss: -0.0079
                      Mean entropy loss: 16.6384
                            Mean reward: 26.52
                    Mean episode length: 64.96
                        Mean action std: 0.97
                /rew/similar_to_default: -0.7338
                  /rew/tracking_lin_vel: 2.8145
                  /rew/tracking_ang_vel: 0.4369
                       /rew/action_rate: -0.4733
                         /rew/lin_vel_z: -0.1619
                       /rew/base_height: -0.1979
--------------------------------------------------------------------------------
                         Iteration time: 1.06s
                           Time elapsed: 0:01:11
                                    ETA: 0:07:57

################################################################################
                           Learning iteration 65/500                             

                            Total steps: 6488064 
                       Steps per second: 92594 
                        Collection time: 0.529s 
                          Learning time: 0.532s 
                        Mean value loss: 10.4597
                    Mean surrogate loss: -0.0091
                      Mean entropy loss: 16.6464
                            Mean reward: 40.12
                    Mean episode length: 85.31
                        Mean action std: 0.97
                /rew/similar_to_default: -0.6920
                  /rew/tracking_lin_vel: 2.7051
                  /rew/tracking_ang_vel: 0.4355
                       /rew/action_rate: -0.4580
                         /rew/lin_vel_z: -0.1648
                       /rew/base_height: -0.1978
--------------------------------------------------------------------------------
                         Iteration time: 1.06s
                           Time elapsed: 0:01:12
                                    ETA: 0:07:55

################################################################################
                           Learning iteration 66/500                             

                            Total steps: 6586368 
                       Steps per second: 92772 
                        Collection time: 0.528s 
                          Learning time: 0.532s 
                        Mean value loss: 10.4206
                    Mean surrogate loss: -0.0099
                      Mean entropy loss: 16.6453
                            Mean reward: 37.16
                    Mean episode length: 80.50
                        Mean action std: 0.97
                /rew/similar_to_default: -0.7653
                  /rew/tracking_lin_vel: 2.9937
                  /rew/tracking_ang_vel: 0.4782
                       /rew/action_rate: -0.5060
                         /rew/lin_vel_z: -0.1683
                       /rew/base_height: -0.1927
--------------------------------------------------------------------------------
                         Iteration time: 1.06s
                           Time elapsed: 0:01:13
                                    ETA: 0:07:54

################################################################################
                           Learning iteration 67/500                             

                            Total steps: 6684672 
                       Steps per second: 93373 
                        Collection time: 0.522s 
                          Learning time: 0.531s 
                        Mean value loss: 10.9110
                    Mean surrogate loss: -0.0089
                      Mean entropy loss: 16.6357
                            Mean reward: 26.53
                    Mean episode length: 69.20
                        Mean action std: 0.97
                /rew/similar_to_default: -0.7289
                  /rew/tracking_lin_vel: 2.3450
                  /rew/tracking_ang_vel: 0.4223
                       /rew/action_rate: -0.4345
                         /rew/lin_vel_z: -0.1716
                       /rew/base_height: -0.1951
--------------------------------------------------------------------------------
                         Iteration time: 1.05s
                           Time elapsed: 0:01:14
                                    ETA: 0:07:53

################################################################################
                           Learning iteration 68/500                             

                            Total steps: 6782976 
                       Steps per second: 92888 
                        Collection time: 0.524s 
                          Learning time: 0.534s 
                        Mean value loss: 10.8759
                    Mean surrogate loss: -0.0082
                      Mean entropy loss: 16.6406
                            Mean reward: 37.63
                    Mean episode length: 83.66
                        Mean action std: 0.97
                /rew/similar_to_default: -0.7405
                  /rew/tracking_lin_vel: 2.5710
                  /rew/tracking_ang_vel: 0.3811
                       /rew/action_rate: -0.4400
                         /rew/lin_vel_z: -0.1585
                       /rew/base_height: -0.1955
--------------------------------------------------------------------------------
                         Iteration time: 1.06s
                           Time elapsed: 0:01:15
                                    ETA: 0:07:51

################################################################################
                           Learning iteration 69/500                             

                            Total steps: 6881280 
                       Steps per second: 92750 
                        Collection time: 0.527s 
                          Learning time: 0.533s 
                        Mean value loss: 11.2495
                    Mean surrogate loss: -0.0091
                      Mean entropy loss: 16.6469
                            Mean reward: 33.93
                    Mean episode length: 79.82
                        Mean action std: 0.97
                /rew/similar_to_default: -0.8091
                  /rew/tracking_lin_vel: 3.2176
                  /rew/tracking_ang_vel: 0.4861
                       /rew/action_rate: -0.5272
                         /rew/lin_vel_z: -0.1712
                       /rew/base_height: -0.2069
--------------------------------------------------------------------------------
                         Iteration time: 1.06s
                           Time elapsed: 0:01:16
                                    ETA: 0:07:50

################################################################################
                           Learning iteration 70/500                             

                            Total steps: 6979584 
                       Steps per second: 93579 
                        Collection time: 0.519s 
                          Learning time: 0.531s 
                        Mean value loss: 12.1862
                    Mean surrogate loss: -0.0082
                      Mean entropy loss: 16.6520
                            Mean reward: 33.04
                    Mean episode length: 77.83
                        Mean action std: 0.97
                /rew/similar_to_default: -0.7997
                  /rew/tracking_lin_vel: 2.5414
                  /rew/tracking_ang_vel: 0.4616
                       /rew/action_rate: -0.4593
                         /rew/lin_vel_z: -0.1774
                       /rew/base_height: -0.2009
--------------------------------------------------------------------------------
                         Iteration time: 1.05s
                           Time elapsed: 0:01:17
                                    ETA: 0:07:49

################################################################################
                           Learning iteration 71/500                             

                            Total steps: 7077888 
                       Steps per second: 92698 
                        Collection time: 0.527s 
                          Learning time: 0.533s 
                        Mean value loss: 12.7370
                    Mean surrogate loss: -0.0096
                      Mean entropy loss: 16.6518
                            Mean reward: 47.54
                    Mean episode length: 103.67
                        Mean action std: 0.97
                /rew/similar_to_default: -1.0114
                  /rew/tracking_lin_vel: 3.8414
                  /rew/tracking_ang_vel: 0.5796
                       /rew/action_rate: -0.6641
                         /rew/lin_vel_z: -0.1876
                       /rew/base_height: -0.2225
--------------------------------------------------------------------------------
                         Iteration time: 1.06s
                           Time elapsed: 0:01:18
                                    ETA: 0:07:47

################################################################################
                           Learning iteration 72/500                             

                            Total steps: 7176192 
                       Steps per second: 93545 
                        Collection time: 0.520s 
                          Learning time: 0.531s 
                        Mean value loss: 12.9775
                    Mean surrogate loss: -0.0062
                      Mean entropy loss: 16.6600
                            Mean reward: 50.51
                    Mean episode length: 105.56
                        Mean action std: 0.97
                /rew/similar_to_default: -1.0564
                  /rew/tracking_lin_vel: 4.3341
                  /rew/tracking_ang_vel: 0.6725
                       /rew/action_rate: -0.7058
                         /rew/lin_vel_z: -0.1955
                       /rew/base_height: -0.2153
--------------------------------------------------------------------------------
                         Iteration time: 1.05s
                           Time elapsed: 0:01:19
                                    ETA: 0:07:46

################################################################################
                           Learning iteration 73/500                             

                            Total steps: 7274496 
                       Steps per second: 93533 
                        Collection time: 0.520s 
                          Learning time: 0.531s 
                        Mean value loss: 13.2556
                    Mean surrogate loss: -0.0091
                      Mean entropy loss: 16.6679
                            Mean reward: 44.72
                    Mean episode length: 100.72
                        Mean action std: 0.97
                /rew/similar_to_default: -0.8196
                  /rew/tracking_lin_vel: 3.0804
                  /rew/tracking_ang_vel: 0.5073
                       /rew/action_rate: -0.5249
                         /rew/lin_vel_z: -0.1823
                       /rew/base_height: -0.2017
--------------------------------------------------------------------------------
                         Iteration time: 1.05s
                           Time elapsed: 0:01:20
                                    ETA: 0:07:45

################################################################################
                           Learning iteration 74/500                             

                            Total steps: 7372800 
                       Steps per second: 93459 
                        Collection time: 0.520s 
                          Learning time: 0.532s 
                        Mean value loss: 14.9659
                    Mean surrogate loss: -0.0092
                      Mean entropy loss: 16.6793
                            Mean reward: 41.63
                    Mean episode length: 90.41
                        Mean action std: 0.97
                /rew/similar_to_default: -0.7889
                  /rew/tracking_lin_vel: 2.8294
                  /rew/tracking_ang_vel: 0.4438
                       /rew/action_rate: -0.5051
                         /rew/lin_vel_z: -0.1838
                       /rew/base_height: -0.2076
--------------------------------------------------------------------------------
                         Iteration time: 1.05s
                           Time elapsed: 0:01:21
                                    ETA: 0:07:43

################################################################################
                           Learning iteration 75/500                             

                            Total steps: 7471104 
                       Steps per second: 93070 
                        Collection time: 0.524s 
                          Learning time: 0.532s 
                        Mean value loss: 13.8265
                    Mean surrogate loss: -0.0076
                      Mean entropy loss: 16.6941
                            Mean reward: 48.10
                    Mean episode length: 104.61
                        Mean action std: 0.97
                /rew/similar_to_default: -1.0836
                  /rew/tracking_lin_vel: 4.3444
                  /rew/tracking_ang_vel: 0.6521
                       /rew/action_rate: -0.7279
                         /rew/lin_vel_z: -0.2058
                       /rew/base_height: -0.2256
--------------------------------------------------------------------------------
                         Iteration time: 1.06s
                           Time elapsed: 0:01:22
                                    ETA: 0:07:42

################################################################################
                           Learning iteration 76/500                             

                            Total steps: 7569408 
                       Steps per second: 93975 
                        Collection time: 0.513s 
                          Learning time: 0.533s 
                        Mean value loss: 14.3656
                    Mean surrogate loss: -0.0097
                      Mean entropy loss: 16.7032
                            Mean reward: 59.50
                    Mean episode length: 122.58
                        Mean action std: 0.97
                /rew/similar_to_default: -1.3091
                  /rew/tracking_lin_vel: 4.7904
                  /rew/tracking_ang_vel: 0.7749
                       /rew/action_rate: -0.8718
                         /rew/lin_vel_z: -0.2390
                       /rew/base_height: -0.2487
--------------------------------------------------------------------------------
                         Iteration time: 1.05s
                           Time elapsed: 0:01:23
                                    ETA: 0:07:41

################################################################################
                           Learning iteration 77/500                             

                            Total steps: 7667712 
                       Steps per second: 93485 
                        Collection time: 0.519s 
                          Learning time: 0.532s 
                        Mean value loss: 15.0501
                    Mean surrogate loss: -0.0085
                      Mean entropy loss: 16.7128
                            Mean reward: 57.58
                    Mean episode length: 121.95
                        Mean action std: 0.98
                /rew/similar_to_default: -1.0514
                  /rew/tracking_lin_vel: 4.3147
                  /rew/tracking_ang_vel: 0.6512
                       /rew/action_rate: -0.7259
                         /rew/lin_vel_z: -0.1992
                       /rew/base_height: -0.2382
--------------------------------------------------------------------------------
                         Iteration time: 1.05s
                           Time elapsed: 0:01:25
                                    ETA: 0:07:39

################################################################################
                           Learning iteration 78/500                             

                            Total steps: 7766016 
                       Steps per second: 93321 
                        Collection time: 0.521s 
                          Learning time: 0.532s 
                        Mean value loss: 14.2372
                    Mean surrogate loss: -0.0069
                      Mean entropy loss: 16.7336
                            Mean reward: 53.24
                    Mean episode length: 114.74
                        Mean action std: 0.98
                /rew/similar_to_default: -0.9495
                  /rew/tracking_lin_vel: 3.3499
                  /rew/tracking_ang_vel: 0.5390
                       /rew/action_rate: -0.6046
                         /rew/lin_vel_z: -0.1923
                       /rew/base_height: -0.2186
--------------------------------------------------------------------------------
                         Iteration time: 1.05s
                           Time elapsed: 0:01:26
                                    ETA: 0:07:38

################################################################################
                           Learning iteration 79/500                             

                            Total steps: 7864320 
                       Steps per second: 93195 
                        Collection time: 0.518s 
                          Learning time: 0.537s 
                        Mean value loss: 15.6216
                    Mean surrogate loss: -0.0088
                      Mean entropy loss: 16.7407
                            Mean reward: 57.54
                    Mean episode length: 120.22
                        Mean action std: 0.98
                /rew/similar_to_default: -0.7565
                  /rew/tracking_lin_vel: 2.6216
                  /rew/tracking_ang_vel: 0.4597
                       /rew/action_rate: -0.4906
                         /rew/lin_vel_z: -0.1720
                       /rew/base_height: -0.2082
--------------------------------------------------------------------------------
                         Iteration time: 1.05s
                           Time elapsed: 0:01:27
                                    ETA: 0:07:37

################################################################################
                           Learning iteration 80/500                             

                            Total steps: 7962624 
                       Steps per second: 93757 
                        Collection time: 0.512s 
                          Learning time: 0.537s 
                        Mean value loss: 15.0176
                    Mean surrogate loss: -0.0075
                      Mean entropy loss: 16.7615
                            Mean reward: 50.98
                    Mean episode length: 112.00
                        Mean action std: 0.98
                /rew/similar_to_default: -1.4007
                  /rew/tracking_lin_vel: 5.7066
                  /rew/tracking_ang_vel: 0.8294
                       /rew/action_rate: -0.9627
                         /rew/lin_vel_z: -0.2698
                       /rew/base_height: -0.2937
--------------------------------------------------------------------------------
                         Iteration time: 1.05s
                           Time elapsed: 0:01:28
                                    ETA: 0:07:36

################################################################################
                           Learning iteration 81/500                             

                            Total steps: 8060928 
                       Steps per second: 93268 
                        Collection time: 0.518s 
                          Learning time: 0.536s 
                        Mean value loss: 14.8742
                    Mean surrogate loss: -0.0089
                      Mean entropy loss: 16.7717
                            Mean reward: 69.08
                    Mean episode length: 141.79
                        Mean action std: 0.98
                /rew/similar_to_default: -1.4241
                  /rew/tracking_lin_vel: 4.9846
                  /rew/tracking_ang_vel: 0.7614
                       /rew/action_rate: -0.8703
                         /rew/lin_vel_z: -0.2617
                       /rew/base_height: -0.2385
--------------------------------------------------------------------------------
                         Iteration time: 1.05s
                           Time elapsed: 0:01:29
                                    ETA: 0:07:34

################################################################################
                           Learning iteration 82/500                             

                            Total steps: 8159232 
                       Steps per second: 93104 
                        Collection time: 0.520s 
                          Learning time: 0.536s 
                        Mean value loss: 16.3099
                    Mean surrogate loss: -0.0099
                      Mean entropy loss: 16.7952
                            Mean reward: 54.66
                    Mean episode length: 119.52
                        Mean action std: 0.98
                /rew/similar_to_default: -1.5911
                  /rew/tracking_lin_vel: 5.9093
                  /rew/tracking_ang_vel: 0.9189
                       /rew/action_rate: -1.0267
                         /rew/lin_vel_z: -0.2942
                       /rew/base_height: -0.2603
--------------------------------------------------------------------------------
                         Iteration time: 1.06s
                           Time elapsed: 0:01:30
                                    ETA: 0:07:33

################################################################################
                           Learning iteration 83/500                             

                            Total steps: 8257536 
                       Steps per second: 94035 
                        Collection time: 0.509s 
                          Learning time: 0.537s 
                        Mean value loss: 16.3123
                    Mean surrogate loss: -0.0080
                      Mean entropy loss: 16.8103
                            Mean reward: 62.29
                    Mean episode length: 132.20
                        Mean action std: 0.98
                /rew/similar_to_default: -1.4673
                  /rew/tracking_lin_vel: 5.2378
                  /rew/tracking_ang_vel: 0.7748
                       /rew/action_rate: -0.9238
                         /rew/lin_vel_z: -0.2895
                       /rew/base_height: -0.2711
--------------------------------------------------------------------------------
                         Iteration time: 1.05s
                           Time elapsed: 0:01:31
                                    ETA: 0:07:32

################################################################################
                           Learning iteration 84/500                             

                            Total steps: 8355840 
                       Steps per second: 93870 
                        Collection time: 0.510s 
                          Learning time: 0.537s 
                        Mean value loss: 16.8941
                    Mean surrogate loss: -0.0084
                      Mean entropy loss: 16.8194
                            Mean reward: 73.65
                    Mean episode length: 148.66
                        Mean action std: 0.98
                /rew/similar_to_default: -1.2995
                  /rew/tracking_lin_vel: 5.5545
                  /rew/tracking_ang_vel: 0.8309
                       /rew/action_rate: -0.9280
                         /rew/lin_vel_z: -0.2393
                       /rew/base_height: -0.2654
--------------------------------------------------------------------------------
                         Iteration time: 1.05s
                           Time elapsed: 0:01:32
                                    ETA: 0:07:30

################################################################################
                           Learning iteration 85/500                             

                            Total steps: 8454144 
                       Steps per second: 94648 
                        Collection time: 0.503s 
                          Learning time: 0.536s 
                        Mean value loss: 17.2076
                    Mean surrogate loss: -0.0084
                      Mean entropy loss: 16.8380
                            Mean reward: 83.62
                    Mean episode length: 160.75
                        Mean action std: 0.99
                /rew/similar_to_default: -1.8825
                  /rew/tracking_lin_vel: 7.8002
                  /rew/tracking_ang_vel: 1.0427
                       /rew/action_rate: -1.2676
                         /rew/lin_vel_z: -0.3322
                       /rew/base_height: -0.2822
--------------------------------------------------------------------------------
                         Iteration time: 1.04s
                           Time elapsed: 0:01:33
                                    ETA: 0:07:29

################################################################################
                           Learning iteration 86/500                             

                            Total steps: 8552448 
                       Steps per second: 93962 
                        Collection time: 0.509s 
                          Learning time: 0.537s 
                        Mean value loss: 17.5815
                    Mean surrogate loss: -0.0089
                      Mean entropy loss: 16.8325
                            Mean reward: 100.98
                    Mean episode length: 196.24
                        Mean action std: 0.98
                /rew/similar_to_default: -2.4174
                  /rew/tracking_lin_vel: 10.4012
                  /rew/tracking_ang_vel: 1.5646
                       /rew/action_rate: -1.7057
                         /rew/lin_vel_z: -0.4140
                       /rew/base_height: -0.3524
--------------------------------------------------------------------------------
                         Iteration time: 1.05s
                           Time elapsed: 0:01:34
                                    ETA: 0:07:28

################################################################################
                           Learning iteration 87/500                             

                            Total steps: 8650752 
                       Steps per second: 94337 
                        Collection time: 0.506s 
                          Learning time: 0.537s 
                        Mean value loss: 17.8811
                    Mean surrogate loss: -0.0086
                      Mean entropy loss: 16.8416
                            Mean reward: 73.85
                    Mean episode length: 151.46
                        Mean action std: 0.99
                /rew/similar_to_default: -1.2847
                  /rew/tracking_lin_vel: 4.8373
                  /rew/tracking_ang_vel: 0.8047
                       /rew/action_rate: -0.8898
                         /rew/lin_vel_z: -0.2981
                       /rew/base_height: -0.2812
--------------------------------------------------------------------------------
                         Iteration time: 1.04s
                           Time elapsed: 0:01:35
                                    ETA: 0:07:27

################################################################################
                           Learning iteration 88/500                             

                            Total steps: 8749056 
                       Steps per second: 94730 
                        Collection time: 0.503s 
                          Learning time: 0.535s 
                        Mean value loss: 17.9732
                    Mean surrogate loss: -0.0100
                      Mean entropy loss: 16.8501
                            Mean reward: 110.23
                    Mean episode length: 213.93
                        Mean action std: 0.99
                /rew/similar_to_default: -2.0111
                  /rew/tracking_lin_vel: 8.5590
                  /rew/tracking_ang_vel: 1.3100
                       /rew/action_rate: -1.4470
                         /rew/lin_vel_z: -0.3477
                       /rew/base_height: -0.3324
--------------------------------------------------------------------------------
                         Iteration time: 1.04s
                           Time elapsed: 0:01:36
                                    ETA: 0:07:25

################################################################################
                           Learning iteration 89/500                             

                            Total steps: 8847360 
                       Steps per second: 94222 
                        Collection time: 0.508s 
                          Learning time: 0.535s 
                        Mean value loss: 19.3284
                    Mean surrogate loss: -0.0092
                      Mean entropy loss: 16.8606
                            Mean reward: 109.34
                    Mean episode length: 209.48
                        Mean action std: 0.99
                /rew/similar_to_default: -1.8356
                  /rew/tracking_lin_vel: 8.2524
                  /rew/tracking_ang_vel: 1.2055
                       /rew/action_rate: -1.3933
                         /rew/lin_vel_z: -0.3426
                       /rew/base_height: -0.3537
--------------------------------------------------------------------------------
                         Iteration time: 1.04s
                           Time elapsed: 0:01:37
                                    ETA: 0:07:24

################################################################################
                           Learning iteration 90/500                             

                            Total steps: 8945664 
                       Steps per second: 94839 
                        Collection time: 0.499s 
                          Learning time: 0.537s 
                        Mean value loss: 18.4130
                    Mean surrogate loss: -0.0091
                      Mean entropy loss: 16.8675
                            Mean reward: 119.88
                    Mean episode length: 226.71
                        Mean action std: 0.99
                /rew/similar_to_default: -2.1617
                  /rew/tracking_lin_vel: 8.7983
                  /rew/tracking_ang_vel: 1.4145
                       /rew/action_rate: -1.5190
                         /rew/lin_vel_z: -0.4327
                       /rew/base_height: -0.3781
--------------------------------------------------------------------------------
                         Iteration time: 1.04s
                           Time elapsed: 0:01:38
                                    ETA: 0:07:23

################################################################################
                           Learning iteration 91/500                             

                            Total steps: 9043968 
                       Steps per second: 94811 
                        Collection time: 0.500s 
                          Learning time: 0.536s 
                        Mean value loss: 17.5476
                    Mean surrogate loss: -0.0099
                      Mean entropy loss: 16.8835
                            Mean reward: 118.25
                    Mean episode length: 223.60
                        Mean action std: 0.99
                /rew/similar_to_default: -1.8666
                  /rew/tracking_lin_vel: 7.5424
                  /rew/tracking_ang_vel: 1.1264
                       /rew/action_rate: -1.2949
                         /rew/lin_vel_z: -0.3421
                       /rew/base_height: -0.3393
--------------------------------------------------------------------------------
                         Iteration time: 1.04s
                           Time elapsed: 0:01:39
                                    ETA: 0:07:21

################################################################################
                           Learning iteration 92/500                             

                            Total steps: 9142272 
                       Steps per second: 94480 
                        Collection time: 0.505s 
                          Learning time: 0.535s 
                        Mean value loss: 18.8014
                    Mean surrogate loss: -0.0097
                      Mean entropy loss: 16.8995
                            Mean reward: 117.06
                    Mean episode length: 236.62
                        Mean action std: 0.99
                /rew/similar_to_default: -2.7507
                  /rew/tracking_lin_vel: 10.5965
                  /rew/tracking_ang_vel: 1.7274
                       /rew/action_rate: -1.8905
                         /rew/lin_vel_z: -0.5332
                       /rew/base_height: -0.4840
--------------------------------------------------------------------------------
                         Iteration time: 1.04s
                           Time elapsed: 0:01:40
                                    ETA: 0:07:20

################################################################################
                           Learning iteration 93/500                             

                            Total steps: 9240576 
                       Steps per second: 94550 
                        Collection time: 0.505s 
                          Learning time: 0.535s 
                        Mean value loss: 17.5855
                    Mean surrogate loss: -0.0078
                      Mean entropy loss: 16.9096
                            Mean reward: 147.00
                    Mean episode length: 281.27
                        Mean action std: 0.99
                /rew/similar_to_default: -1.8897
                  /rew/tracking_lin_vel: 7.3670
                  /rew/tracking_ang_vel: 1.1520
                       /rew/action_rate: -1.2909
                         /rew/lin_vel_z: -0.4082
                       /rew/base_height: -0.3416
--------------------------------------------------------------------------------
                         Iteration time: 1.04s
                           Time elapsed: 0:01:41
                                    ETA: 0:07:19

################################################################################
                           Learning iteration 94/500                             

                            Total steps: 9338880 
                       Steps per second: 95270 
                        Collection time: 0.497s 
                          Learning time: 0.535s 
                        Mean value loss: 18.5769
                    Mean surrogate loss: -0.0094
                      Mean entropy loss: 16.9120
                            Mean reward: 126.32
                    Mean episode length: 251.56
                        Mean action std: 0.99
                /rew/similar_to_default: -2.3344
                  /rew/tracking_lin_vel: 8.7301
                  /rew/tracking_ang_vel: 1.2558
                       /rew/action_rate: -1.5859
                         /rew/lin_vel_z: -0.4677
                       /rew/base_height: -0.4326
--------------------------------------------------------------------------------
                         Iteration time: 1.03s
                           Time elapsed: 0:01:42
                                    ETA: 0:07:18

################################################################################
                           Learning iteration 95/500                             

                            Total steps: 9437184 
                       Steps per second: 94718 
                        Collection time: 0.501s 
                          Learning time: 0.537s 
                        Mean value loss: 17.8946
                    Mean surrogate loss: -0.0089
                      Mean entropy loss: 16.9275
                            Mean reward: 142.04
                    Mean episode length: 280.27
                        Mean action std: 0.99
                /rew/similar_to_default: -3.2325
                  /rew/tracking_lin_vel: 12.6066
                  /rew/tracking_ang_vel: 1.9687
                       /rew/action_rate: -2.2233
                         /rew/lin_vel_z: -0.6159
                       /rew/base_height: -0.5110
--------------------------------------------------------------------------------
                         Iteration time: 1.04s
                           Time elapsed: 0:01:43
                                    ETA: 0:07:16

################################################################################
                           Learning iteration 96/500                             

                            Total steps: 9535488 
                       Steps per second: 95005 
                        Collection time: 0.498s 
                          Learning time: 0.536s 
                        Mean value loss: 18.9225
                    Mean surrogate loss: -0.0093
                      Mean entropy loss: 16.9363
                            Mean reward: 137.78
                    Mean episode length: 281.04
                        Mean action std: 0.99
                /rew/similar_to_default: -2.7191
                  /rew/tracking_lin_vel: 10.4543
                  /rew/tracking_ang_vel: 1.4519
                       /rew/action_rate: -1.8841
                         /rew/lin_vel_z: -0.5611
                       /rew/base_height: -0.4342
--------------------------------------------------------------------------------
                         Iteration time: 1.03s
                           Time elapsed: 0:01:44
                                    ETA: 0:07:15

################################################################################
                           Learning iteration 97/500                             

                            Total steps: 9633792 
                       Steps per second: 94997 
                        Collection time: 0.498s 
                          Learning time: 0.537s 
                        Mean value loss: 18.6502
                    Mean surrogate loss: -0.0089
                      Mean entropy loss: 16.9640
                            Mean reward: 163.33
                    Mean episode length: 316.16
                        Mean action std: 1.00
                /rew/similar_to_default: -3.1515
                  /rew/tracking_lin_vel: 12.2056
                  /rew/tracking_ang_vel: 2.0040
                       /rew/action_rate: -2.1894
                         /rew/lin_vel_z: -0.6439
                       /rew/base_height: -0.5596
--------------------------------------------------------------------------------
                         Iteration time: 1.03s
                           Time elapsed: 0:01:45
                                    ETA: 0:07:14

################################################################################
                           Learning iteration 98/500                             

                            Total steps: 9732096 
                       Steps per second: 95441 
                        Collection time: 0.492s 
                          Learning time: 0.538s 
                        Mean value loss: 18.9010
                    Mean surrogate loss: -0.0086
                      Mean entropy loss: 16.9887
                            Mean reward: 147.62
                    Mean episode length: 293.86
                        Mean action std: 1.00
                /rew/similar_to_default: -2.7031
                  /rew/tracking_lin_vel: 11.2751
                  /rew/tracking_ang_vel: 1.6769
                       /rew/action_rate: -1.9679
                         /rew/lin_vel_z: -0.5411
                       /rew/base_height: -0.4758
--------------------------------------------------------------------------------
                         Iteration time: 1.03s
                           Time elapsed: 0:01:46
                                    ETA: 0:07:13

################################################################################
                           Learning iteration 99/500                             

                            Total steps: 9830400 
                       Steps per second: 94676 
                        Collection time: 0.500s 
                          Learning time: 0.539s 
                        Mean value loss: 18.5075
                    Mean surrogate loss: -0.0092
                      Mean entropy loss: 16.9972
                            Mean reward: 171.50
                    Mean episode length: 333.75
                        Mean action std: 1.00
                /rew/similar_to_default: -4.7236
                  /rew/tracking_lin_vel: 20.2010
                  /rew/tracking_ang_vel: 3.1647
                       /rew/action_rate: -3.4794
                         /rew/lin_vel_z: -0.7986
                       /rew/base_height: -0.7864
--------------------------------------------------------------------------------
                         Iteration time: 1.04s
                           Time elapsed: 0:01:47
                                    ETA: 0:07:11

################################################################################
                           Learning iteration 100/500                            

                            Total steps: 9928704 
                       Steps per second: 94580 
                        Collection time: 0.502s 
                          Learning time: 0.537s 
                        Mean value loss: 18.6809
                    Mean surrogate loss: -0.0073
                      Mean entropy loss: 17.0250
                            Mean reward: 190.24
                    Mean episode length: 354.50
                        Mean action std: 1.00
                /rew/similar_to_default: -4.7577
                  /rew/tracking_lin_vel: 18.9162
                  /rew/tracking_ang_vel: 2.9279
                       /rew/action_rate: -3.3574
                         /rew/lin_vel_z: -0.7772
                       /rew/base_height: -0.6457
--------------------------------------------------------------------------------
                         Iteration time: 1.04s
                           Time elapsed: 0:01:48
                                    ETA: 0:07:10

################################################################################
                           Learning iteration 101/500                            

                            Total steps: 10027008 
                       Steps per second: 93190 
                        Collection time: 0.518s 
                          Learning time: 0.537s 
                        Mean value loss: 18.4607
                    Mean surrogate loss: -0.0070
                      Mean entropy loss: 17.0428
                            Mean reward: 207.72
                    Mean episode length: 394.94
                        Mean action std: 1.00
                /rew/similar_to_default: -5.2276
                  /rew/tracking_lin_vel: 19.1797
                  /rew/tracking_ang_vel: 3.0785
                       /rew/action_rate: -3.7114
                         /rew/lin_vel_z: -1.0642
                       /rew/base_height: -0.9559
--------------------------------------------------------------------------------
                         Iteration time: 1.05s
                           Time elapsed: 0:01:50
                                    ETA: 0:07:09

################################################################################
                           Learning iteration 102/500                            

                            Total steps: 10125312 
                       Steps per second: 94511 
                        Collection time: 0.504s 
                          Learning time: 0.536s 
                        Mean value loss: 19.0593
                    Mean surrogate loss: -0.0087
                      Mean entropy loss: 17.0511
                            Mean reward: 207.81
                    Mean episode length: 387.63
                        Mean action std: 1.00
                /rew/similar_to_default: -4.4350
                  /rew/tracking_lin_vel: 19.3562
                  /rew/tracking_ang_vel: 3.0922
                       /rew/action_rate: -3.3915
                         /rew/lin_vel_z: -0.8043
                       /rew/base_height: -0.7935
--------------------------------------------------------------------------------
                         Iteration time: 1.04s
                           Time elapsed: 0:01:51
                                    ETA: 0:07:08

################################################################################
                           Learning iteration 103/500                            

                            Total steps: 10223616 
                       Steps per second: 94854 
                        Collection time: 0.501s 
                          Learning time: 0.535s 
                        Mean value loss: 17.9087
                    Mean surrogate loss: -0.0081
                      Mean entropy loss: 17.0716
                            Mean reward: 223.74
                    Mean episode length: 424.49
                        Mean action std: 1.01
                /rew/similar_to_default: -3.2538
                  /rew/tracking_lin_vel: 13.9125
                  /rew/tracking_ang_vel: 2.1598
                       /rew/action_rate: -2.4921
                         /rew/lin_vel_z: -0.6257
                       /rew/base_height: -0.5198
--------------------------------------------------------------------------------
                         Iteration time: 1.04s
                           Time elapsed: 0:01:52
                                    ETA: 0:07:06

################################################################################
                           Learning iteration 104/500                            

                            Total steps: 10321920 
                       Steps per second: 94857 
                        Collection time: 0.499s 
                          Learning time: 0.537s 
                        Mean value loss: 17.3009
                    Mean surrogate loss: -0.0097
                      Mean entropy loss: 17.0932
                            Mean reward: 235.86
                    Mean episode length: 429.75
                        Mean action std: 1.01
                /rew/similar_to_default: -4.3535
                  /rew/tracking_lin_vel: 20.0088
                  /rew/tracking_ang_vel: 2.9343
                       /rew/action_rate: -3.4727
                         /rew/lin_vel_z: -0.7604
                       /rew/base_height: -0.7518
--------------------------------------------------------------------------------
                         Iteration time: 1.04s
                           Time elapsed: 0:01:53
                                    ETA: 0:07:05

################################################################################
                           Learning iteration 105/500                            

                            Total steps: 10420224 
                       Steps per second: 95053 
                        Collection time: 0.498s 
                          Learning time: 0.536s 
                        Mean value loss: 17.3866
                    Mean surrogate loss: -0.0084
                      Mean entropy loss: 17.1018
                            Mean reward: 232.45
                    Mean episode length: 437.16
                        Mean action std: 1.01
                /rew/similar_to_default: -3.0231
                  /rew/tracking_lin_vel: 13.4747
                  /rew/tracking_ang_vel: 2.1323
                       /rew/action_rate: -2.3659
                         /rew/lin_vel_z: -0.5933
                       /rew/base_height: -0.5734
--------------------------------------------------------------------------------
                         Iteration time: 1.03s
                           Time elapsed: 0:01:54
                                    ETA: 0:07:04

################################################################################
                           Learning iteration 106/500                            

                            Total steps: 10518528 
                       Steps per second: 94633 
                        Collection time: 0.501s 
                          Learning time: 0.538s 
                        Mean value loss: 18.9125
                    Mean surrogate loss: -0.0093
                      Mean entropy loss: 17.1136
                            Mean reward: 269.74
                    Mean episode length: 494.00
                        Mean action std: 1.01
                /rew/similar_to_default: -5.1476
                  /rew/tracking_lin_vel: 21.6665
                  /rew/tracking_ang_vel: 3.1840
                       /rew/action_rate: -3.7708
                         /rew/lin_vel_z: -0.9787
                       /rew/base_height: -0.7837
--------------------------------------------------------------------------------
                         Iteration time: 1.04s
                           Time elapsed: 0:01:55
                                    ETA: 0:07:03

################################################################################
                           Learning iteration 107/500                            

                            Total steps: 10616832 
                       Steps per second: 94622 
                        Collection time: 0.501s 
                          Learning time: 0.538s 
                        Mean value loss: 17.3819
                    Mean surrogate loss: -0.0077
                      Mean entropy loss: 17.1420
                            Mean reward: 299.21
                    Mean episode length: 549.90
                        Mean action std: 1.01
                /rew/similar_to_default: -2.6660
                  /rew/tracking_lin_vel: 7.2418
                  /rew/tracking_ang_vel: 1.4341
                       /rew/action_rate: -1.6494
                         /rew/lin_vel_z: -0.7663
                       /rew/base_height: -0.7141
--------------------------------------------------------------------------------
                         Iteration time: 1.04s
                           Time elapsed: 0:01:56
                                    ETA: 0:07:01

################################################################################
                           Learning iteration 108/500                            

                            Total steps: 10715136 
                       Steps per second: 94877 
                        Collection time: 0.497s 
                          Learning time: 0.539s 
                        Mean value loss: 17.0634
                    Mean surrogate loss: -0.0069
                      Mean entropy loss: 17.1574
                            Mean reward: 267.57
                    Mean episode length: 495.35
                        Mean action std: 1.01
                /rew/similar_to_default: -6.8881
                  /rew/tracking_lin_vel: 28.0277
                  /rew/tracking_ang_vel: 4.2786
                       /rew/action_rate: -4.9633
                         /rew/lin_vel_z: -1.3238
                       /rew/base_height: -1.1729
--------------------------------------------------------------------------------
                         Iteration time: 1.04s
                           Time elapsed: 0:01:57
                                    ETA: 0:07:00

################################################################################
                           Learning iteration 109/500                            

                            Total steps: 10813440 
                       Steps per second: 94491 
                        Collection time: 0.502s 
                          Learning time: 0.538s 
                        Mean value loss: 17.5743
                    Mean surrogate loss: -0.0091
                      Mean entropy loss: 17.1717
                            Mean reward: 290.28
                    Mean episode length: 539.70
                        Mean action std: 1.01
                /rew/similar_to_default: -8.1904
                  /rew/tracking_lin_vel: 36.4139
                  /rew/tracking_ang_vel: 5.6736
                       /rew/action_rate: -6.2241
                         /rew/lin_vel_z: -1.2955
                       /rew/base_height: -1.1058
--------------------------------------------------------------------------------
                         Iteration time: 1.04s
                           Time elapsed: 0:01:58
                                    ETA: 0:06:59

################################################################################
                           Learning iteration 110/500                            

                            Total steps: 10911744 
                       Steps per second: 94572 
                        Collection time: 0.502s 
                          Learning time: 0.538s 
                        Mean value loss: 17.1268
                    Mean surrogate loss: -0.0084
                      Mean entropy loss: 17.1808
                            Mean reward: 332.99
                    Mean episode length: 599.06
                        Mean action std: 1.01
                /rew/similar_to_default: -5.1094
                  /rew/tracking_lin_vel: 22.3787
                  /rew/tracking_ang_vel: 3.6792
                       /rew/action_rate: -4.0187
                         /rew/lin_vel_z: -0.8879
                       /rew/base_height: -0.8481
--------------------------------------------------------------------------------
                         Iteration time: 1.04s
                           Time elapsed: 0:01:59
                                    ETA: 0:06:58

################################################################################
                           Learning iteration 111/500                            

                            Total steps: 11010048 
                       Steps per second: 95286 
                        Collection time: 0.495s 
                          Learning time: 0.537s 
                        Mean value loss: 16.8096
                    Mean surrogate loss: -0.0078
                      Mean entropy loss: 17.1898
                            Mean reward: 333.20
                    Mean episode length: 585.95
                        Mean action std: 1.02
                /rew/similar_to_default: -6.4782
                  /rew/tracking_lin_vel: 34.0401
                  /rew/tracking_ang_vel: 5.3361
                       /rew/action_rate: -5.5579
                         /rew/lin_vel_z: -1.0058
                       /rew/base_height: -1.2492
--------------------------------------------------------------------------------
                         Iteration time: 1.03s
                           Time elapsed: 0:02:00
                                    ETA: 0:06:57

################################################################################
                           Learning iteration 112/500                            

                            Total steps: 11108352 
                       Steps per second: 94934 
                        Collection time: 0.499s 
                          Learning time: 0.536s 
                        Mean value loss: 15.8621
                    Mean surrogate loss: -0.0078
                      Mean entropy loss: 17.2096
                            Mean reward: 356.31
                    Mean episode length: 636.69
                        Mean action std: 1.02
                /rew/similar_to_default: -5.9209
                  /rew/tracking_lin_vel: 27.2286
                  /rew/tracking_ang_vel: 4.3263
                       /rew/action_rate: -4.7681
                         /rew/lin_vel_z: -1.0187
                       /rew/base_height: -0.8937
--------------------------------------------------------------------------------
                         Iteration time: 1.04s
                           Time elapsed: 0:02:01
                                    ETA: 0:06:55

################################################################################
                           Learning iteration 113/500                            

                            Total steps: 11206656 
                       Steps per second: 95323 
                        Collection time: 0.495s 
                          Learning time: 0.536s 
                        Mean value loss: 15.3333
                    Mean surrogate loss: -0.0096
                      Mean entropy loss: 17.2128
                            Mean reward: 354.26
                    Mean episode length: 640.50
                        Mean action std: 1.02
                /rew/similar_to_default: -7.6153
                  /rew/tracking_lin_vel: 31.8501
                  /rew/tracking_ang_vel: 4.9354
                       /rew/action_rate: -5.5209
                         /rew/lin_vel_z: -1.3398
                       /rew/base_height: -0.9594
--------------------------------------------------------------------------------
                         Iteration time: 1.03s
                           Time elapsed: 0:02:02
                                    ETA: 0:06:54

################################################################################
                           Learning iteration 114/500                            

                            Total steps: 11304960 
                       Steps per second: 95013 
                        Collection time: 0.499s 
                          Learning time: 0.536s 
                        Mean value loss: 16.2308
                    Mean surrogate loss: -0.0083
                      Mean entropy loss: 17.2222
                            Mean reward: 362.09
                    Mean episode length: 649.79
                        Mean action std: 1.02
                /rew/similar_to_default: -4.7834
                  /rew/tracking_lin_vel: 22.5205
                  /rew/tracking_ang_vel: 3.4994
                       /rew/action_rate: -3.9278
                         /rew/lin_vel_z: -0.8992
                       /rew/base_height: -0.9082
--------------------------------------------------------------------------------
                         Iteration time: 1.03s
                           Time elapsed: 0:02:03
                                    ETA: 0:06:53

################################################################################
                           Learning iteration 115/500                            

                            Total steps: 11403264 
                       Steps per second: 95256 
                        Collection time: 0.496s 
                          Learning time: 0.536s 
                        Mean value loss: 15.8701
                    Mean surrogate loss: -0.0084
                      Mean entropy loss: 17.2233
                            Mean reward: 341.61
                    Mean episode length: 613.39
                        Mean action std: 1.02
                /rew/similar_to_default: -6.3904
                  /rew/tracking_lin_vel: 24.8839
                  /rew/tracking_ang_vel: 3.9669
                       /rew/action_rate: -4.7730
                         /rew/lin_vel_z: -1.1712
                       /rew/base_height: -0.9042
--------------------------------------------------------------------------------
                         Iteration time: 1.03s
                           Time elapsed: 0:02:04
                                    ETA: 0:06:52

################################################################################
                           Learning iteration 116/500                            

                            Total steps: 11501568 
                       Steps per second: 95150 
                        Collection time: 0.496s 
                          Learning time: 0.537s 
                        Mean value loss: 15.4794
                    Mean surrogate loss: -0.0097
                      Mean entropy loss: 17.2170
                            Mean reward: 431.13
                    Mean episode length: 749.97
                        Mean action std: 1.02
                /rew/similar_to_default: -8.7407
                  /rew/tracking_lin_vel: 39.2622
                  /rew/tracking_ang_vel: 6.2441
                       /rew/action_rate: -6.8840
                         /rew/lin_vel_z: -1.5862
                       /rew/base_height: -1.5292
--------------------------------------------------------------------------------
                         Iteration time: 1.03s
                           Time elapsed: 0:02:05
                                    ETA: 0:06:51

################################################################################
                           Learning iteration 117/500                            

                            Total steps: 11599872 
                       Steps per second: 95382 
                        Collection time: 0.492s 
                          Learning time: 0.538s 
                        Mean value loss: 14.8976
                    Mean surrogate loss: -0.0082
                      Mean entropy loss: 17.2147
                            Mean reward: 461.80
                    Mean episode length: 801.25
                        Mean action std: 1.02
                /rew/similar_to_default: -7.5635
                  /rew/tracking_lin_vel: 33.6236
                  /rew/tracking_ang_vel: 5.2094
                       /rew/action_rate: -6.0967
                         /rew/lin_vel_z: -1.4061
                       /rew/base_height: -1.3359
--------------------------------------------------------------------------------
                         Iteration time: 1.03s
                           Time elapsed: 0:02:06
                                    ETA: 0:06:49

################################################################################
                           Learning iteration 118/500                            

                            Total steps: 11698176 
                       Steps per second: 96332 
                        Collection time: 0.484s 
                          Learning time: 0.536s 
                        Mean value loss: 14.5779
                    Mean surrogate loss: -0.0089
                      Mean entropy loss: 17.2071
                            Mean reward: 445.68
                    Mean episode length: 776.94
                        Mean action std: 1.02
                /rew/similar_to_default: -7.8443
                  /rew/tracking_lin_vel: 36.7362
                  /rew/tracking_ang_vel: 5.8707
                       /rew/action_rate: -6.2515
                         /rew/lin_vel_z: -1.2808
                       /rew/base_height: -1.1741
--------------------------------------------------------------------------------
                         Iteration time: 1.02s
                           Time elapsed: 0:02:07
                                    ETA: 0:06:48

################################################################################
                           Learning iteration 119/500                            

                            Total steps: 11796480 
                       Steps per second: 95606 
                        Collection time: 0.493s 
                          Learning time: 0.536s 
                        Mean value loss: 15.0304
                    Mean surrogate loss: -0.0081
                      Mean entropy loss: 17.2117
                            Mean reward: 441.92
                    Mean episode length: 787.96
                        Mean action std: 1.02
                /rew/similar_to_default: -9.1277
                  /rew/tracking_lin_vel: 39.3899
                  /rew/tracking_ang_vel: 6.2515
                       /rew/action_rate: -7.1504
                         /rew/lin_vel_z: -1.7889
                       /rew/base_height: -1.4853
--------------------------------------------------------------------------------
                         Iteration time: 1.03s
                           Time elapsed: 0:02:08
                                    ETA: 0:06:47

################################################################################
                           Learning iteration 120/500                            

                            Total steps: 11894784 
                       Steps per second: 95542 
                        Collection time: 0.494s 
                          Learning time: 0.535s 
                        Mean value loss: 14.5638
                    Mean surrogate loss: -0.0093
                      Mean entropy loss: 17.2090
                            Mean reward: 472.92
                    Mean episode length: 827.27
                        Mean action std: 1.02
                /rew/similar_to_default: -7.0244
                  /rew/tracking_lin_vel: 34.4892
                  /rew/tracking_ang_vel: 5.6132
                       /rew/action_rate: -5.8457
                         /rew/lin_vel_z: -1.1799
                       /rew/base_height: -1.1476
--------------------------------------------------------------------------------
                         Iteration time: 1.03s
                           Time elapsed: 0:02:09
                                    ETA: 0:06:46

################################################################################
                           Learning iteration 121/500                            

                            Total steps: 11993088 
                       Steps per second: 95446 
                        Collection time: 0.494s 
                          Learning time: 0.536s 
                        Mean value loss: 14.9986
                    Mean surrogate loss: -0.0083
                      Mean entropy loss: 17.2131
                            Mean reward: 459.21
                    Mean episode length: 800.17
                        Mean action std: 1.02
                /rew/similar_to_default: -6.6633
                  /rew/tracking_lin_vel: 28.9430
                  /rew/tracking_ang_vel: 4.8077
                       /rew/action_rate: -5.3214
                         /rew/lin_vel_z: -1.2484
                       /rew/base_height: -1.0390
--------------------------------------------------------------------------------
                         Iteration time: 1.03s
                           Time elapsed: 0:02:10
                                    ETA: 0:06:44

################################################################################
                           Learning iteration 122/500                            

                            Total steps: 12091392 
                       Steps per second: 95446 
                        Collection time: 0.493s 
                          Learning time: 0.537s 
                        Mean value loss: 15.0193
                    Mean surrogate loss: -0.0095
                      Mean entropy loss: 17.2208
                            Mean reward: 497.13
                    Mean episode length: 870.74
                        Mean action std: 1.02
                /rew/similar_to_default: -7.8671
                  /rew/tracking_lin_vel: 37.4945
                  /rew/tracking_ang_vel: 5.8444
                       /rew/action_rate: -6.5610
                         /rew/lin_vel_z: -1.3605
                       /rew/base_height: -1.3349
--------------------------------------------------------------------------------
                         Iteration time: 1.03s
                           Time elapsed: 0:02:11
                                    ETA: 0:06:43

################################################################################
                           Learning iteration 123/500                            

                            Total steps: 12189696 
                       Steps per second: 94394 
                        Collection time: 0.504s 
                          Learning time: 0.538s 
                        Mean value loss: 14.7518
                    Mean surrogate loss: -0.0087
                      Mean entropy loss: 17.2252
                            Mean reward: 485.57
                    Mean episode length: 838.10
                        Mean action std: 1.02
                /rew/similar_to_default: -8.7714
                  /rew/tracking_lin_vel: 33.2755
                  /rew/tracking_ang_vel: 5.3398
                       /rew/action_rate: -6.5439
                         /rew/lin_vel_z: -1.7733
                       /rew/base_height: -1.2421
--------------------------------------------------------------------------------
                         Iteration time: 1.04s
                           Time elapsed: 0:02:12
                                    ETA: 0:06:42

################################################################################
                           Learning iteration 124/500                            

                            Total steps: 12288000 
                       Steps per second: 95477 
                        Collection time: 0.495s 
                          Learning time: 0.535s 
                        Mean value loss: 13.8106
                    Mean surrogate loss: -0.0088
                      Mean entropy loss: 17.2302
                            Mean reward: 500.56
                    Mean episode length: 854.63
                        Mean action std: 1.02
                /rew/similar_to_default: -8.3891
                  /rew/tracking_lin_vel: 40.8951
                  /rew/tracking_ang_vel: 6.6943
                       /rew/action_rate: -7.3543
                         /rew/lin_vel_z: -1.4880
                       /rew/base_height: -1.5328
--------------------------------------------------------------------------------
                         Iteration time: 1.03s
                           Time elapsed: 0:02:13
                                    ETA: 0:06:41

################################################################################
                           Learning iteration 125/500                            

                            Total steps: 12386304 
                       Steps per second: 95820 
                        Collection time: 0.490s 
                          Learning time: 0.536s 
                        Mean value loss: 13.0334
                    Mean surrogate loss: -0.0081
                      Mean entropy loss: 17.2107
                            Mean reward: 489.91
                    Mean episode length: 851.63
                        Mean action std: 1.02
                /rew/similar_to_default: -8.7700
                  /rew/tracking_lin_vel: 43.3820
                  /rew/tracking_ang_vel: 7.0154
                       /rew/action_rate: -7.5688
                         /rew/lin_vel_z: -1.5576
                       /rew/base_height: -1.3257
--------------------------------------------------------------------------------
                         Iteration time: 1.03s
                           Time elapsed: 0:02:14
                                    ETA: 0:06:40

################################################################################
                           Learning iteration 126/500                            

                            Total steps: 12484608 
                       Steps per second: 95253 
                        Collection time: 0.495s 
                          Learning time: 0.537s 
                        Mean value loss: 12.8223
                    Mean surrogate loss: -0.0086
                      Mean entropy loss: 17.2065
                            Mean reward: 516.56
                    Mean episode length: 870.72
                        Mean action std: 1.02
                /rew/similar_to_default: -8.8117
                  /rew/tracking_lin_vel: 44.2787
                  /rew/tracking_ang_vel: 7.0062
                       /rew/action_rate: -7.5815
                         /rew/lin_vel_z: -1.3619
                       /rew/base_height: -1.2673
--------------------------------------------------------------------------------
                         Iteration time: 1.03s
                           Time elapsed: 0:02:15
                                    ETA: 0:06:39

################################################################################
                           Learning iteration 127/500                            

                            Total steps: 12582912 
                       Steps per second: 94589 
                        Collection time: 0.502s 
                          Learning time: 0.538s 
                        Mean value loss: 13.4733
                    Mean surrogate loss: -0.0091
                      Mean entropy loss: 17.1961
                            Mean reward: 507.28
                    Mean episode length: 871.25
                        Mean action std: 1.02
                /rew/similar_to_default: -9.3660
                  /rew/tracking_lin_vel: 44.1711
                  /rew/tracking_ang_vel: 6.5781
                       /rew/action_rate: -7.5376
                         /rew/lin_vel_z: -1.6852
                       /rew/base_height: -1.5921
--------------------------------------------------------------------------------
                         Iteration time: 1.04s
                           Time elapsed: 0:02:16
                                    ETA: 0:06:37

################################################################################
                           Learning iteration 128/500                            

                            Total steps: 12681216 
                       Steps per second: 95448 
                        Collection time: 0.493s 
                          Learning time: 0.537s 
                        Mean value loss: 12.3977
                    Mean surrogate loss: -0.0082
                      Mean entropy loss: 17.1842
                            Mean reward: 519.00
                    Mean episode length: 888.84
                        Mean action std: 1.01
                /rew/similar_to_default: -9.4672
                  /rew/tracking_lin_vel: 41.2255
                  /rew/tracking_ang_vel: 6.6427
                       /rew/action_rate: -7.4763
                         /rew/lin_vel_z: -1.6712
                       /rew/base_height: -1.2389
--------------------------------------------------------------------------------
                         Iteration time: 1.03s
                           Time elapsed: 0:02:17
                                    ETA: 0:06:36

################################################################################
                           Learning iteration 129/500                            

                            Total steps: 12779520 
                       Steps per second: 95569 
                        Collection time: 0.495s 
                          Learning time: 0.534s 
                        Mean value loss: 12.4080
                    Mean surrogate loss: -0.0079
                      Mean entropy loss: 17.1766
                            Mean reward: 508.22
                    Mean episode length: 878.30
                        Mean action std: 1.01
                /rew/similar_to_default: -9.1225
                  /rew/tracking_lin_vel: 44.0409
                  /rew/tracking_ang_vel: 7.0339
                       /rew/action_rate: -7.7975
                         /rew/lin_vel_z: -1.6509
                       /rew/base_height: -1.3397
--------------------------------------------------------------------------------
                         Iteration time: 1.03s
                           Time elapsed: 0:02:18
                                    ETA: 0:06:35

################################################################################
                           Learning iteration 130/500                            

                            Total steps: 12877824 
                       Steps per second: 95660 
                        Collection time: 0.492s 
                          Learning time: 0.536s 
                        Mean value loss: 11.9937
                    Mean surrogate loss: -0.0080
                      Mean entropy loss: 17.1769
                            Mean reward: 514.59
                    Mean episode length: 890.31
                        Mean action std: 1.01
                /rew/similar_to_default: -10.2386
                  /rew/tracking_lin_vel: 42.2587
                  /rew/tracking_ang_vel: 6.8781
                       /rew/action_rate: -8.0170
                         /rew/lin_vel_z: -2.0672
                       /rew/base_height: -1.4469
--------------------------------------------------------------------------------
                         Iteration time: 1.03s
                           Time elapsed: 0:02:19
                                    ETA: 0:06:34

################################################################################
                           Learning iteration 131/500                            

                            Total steps: 12976128 
                       Steps per second: 95714 
                        Collection time: 0.491s 
                          Learning time: 0.536s 
                        Mean value loss: 12.1951
                    Mean surrogate loss: -0.0091
                      Mean entropy loss: 17.1629
                            Mean reward: 517.98
                    Mean episode length: 900.09
                        Mean action std: 1.01
                /rew/similar_to_default: -8.5870
                  /rew/tracking_lin_vel: 36.3872
                  /rew/tracking_ang_vel: 6.3379
                       /rew/action_rate: -6.9218
                         /rew/lin_vel_z: -1.6361
                       /rew/base_height: -1.2480
--------------------------------------------------------------------------------
                         Iteration time: 1.03s
                           Time elapsed: 0:02:21
                                    ETA: 0:06:33

################################################################################
                           Learning iteration 132/500                            

                            Total steps: 13074432 
                       Steps per second: 95514 
                        Collection time: 0.494s 
                          Learning time: 0.536s 
                        Mean value loss: 11.5616
                    Mean surrogate loss: -0.0077
                      Mean entropy loss: 17.1616
                            Mean reward: 519.57
                    Mean episode length: 879.54
                        Mean action std: 1.01
                /rew/similar_to_default: -10.1821
                  /rew/tracking_lin_vel: 42.7358
                  /rew/tracking_ang_vel: 6.7952
                       /rew/action_rate: -8.0746
                         /rew/lin_vel_z: -1.9546
                       /rew/base_height: -1.3789
--------------------------------------------------------------------------------
                         Iteration time: 1.03s
                           Time elapsed: 0:02:22
                                    ETA: 0:06:31

################################################################################
                           Learning iteration 133/500                            

                            Total steps: 13172736 
                       Steps per second: 95323 
                        Collection time: 0.494s 
                          Learning time: 0.537s 
                        Mean value loss: 11.6113
                    Mean surrogate loss: -0.0072
                      Mean entropy loss: 17.1450
                            Mean reward: 553.33
                    Mean episode length: 929.02
                        Mean action std: 1.01
                /rew/similar_to_default: -9.4718
                  /rew/tracking_lin_vel: 43.0319
                  /rew/tracking_ang_vel: 7.0946
                       /rew/action_rate: -7.9137
                         /rew/lin_vel_z: -1.7852
                       /rew/base_height: -1.4937
--------------------------------------------------------------------------------
                         Iteration time: 1.03s
                           Time elapsed: 0:02:23
                                    ETA: 0:06:30

################################################################################
                           Learning iteration 134/500                            

                            Total steps: 13271040 
                       Steps per second: 95497 
                        Collection time: 0.493s 
                          Learning time: 0.536s 
                        Mean value loss: 12.4838
                    Mean surrogate loss: -0.0084
                      Mean entropy loss: 17.1338
                            Mean reward: 530.29
                    Mean episode length: 893.32
                        Mean action std: 1.01
                /rew/similar_to_default: -7.6775
                  /rew/tracking_lin_vel: 34.4270
                  /rew/tracking_ang_vel: 5.7248
                       /rew/action_rate: -6.4833
                         /rew/lin_vel_z: -1.4619
                       /rew/base_height: -1.2105
--------------------------------------------------------------------------------
                         Iteration time: 1.03s
                           Time elapsed: 0:02:24
                                    ETA: 0:06:29

################################################################################
                           Learning iteration 135/500                            

                            Total steps: 13369344 
                       Steps per second: 95672 
                        Collection time: 0.492s 
                          Learning time: 0.536s 
                        Mean value loss: 11.3245
                    Mean surrogate loss: -0.0079
                      Mean entropy loss: 17.1312
                            Mean reward: 531.32
                    Mean episode length: 905.71
                        Mean action std: 1.01
                /rew/similar_to_default: -9.2870
                  /rew/tracking_lin_vel: 44.0915
                  /rew/tracking_ang_vel: 7.4128
                       /rew/action_rate: -8.0960
                         /rew/lin_vel_z: -1.8096
                       /rew/base_height: -1.4570
--------------------------------------------------------------------------------
                         Iteration time: 1.03s
                           Time elapsed: 0:02:25
                                    ETA: 0:06:28

################################################################################
                           Learning iteration 136/500                            

                            Total steps: 13467648 
                       Steps per second: 95868 
                        Collection time: 0.491s 
                          Learning time: 0.535s 
                        Mean value loss: 11.5336
                    Mean surrogate loss: -0.0076
                      Mean entropy loss: 17.1319
                            Mean reward: 517.50
                    Mean episode length: 883.30
                        Mean action std: 1.01
                /rew/similar_to_default: -9.2647
                  /rew/tracking_lin_vel: 42.4709
                  /rew/tracking_ang_vel: 7.2417
                       /rew/action_rate: -7.9936
                         /rew/lin_vel_z: -1.7656
                       /rew/base_height: -1.6060
--------------------------------------------------------------------------------
                         Iteration time: 1.03s
                           Time elapsed: 0:02:26
                                    ETA: 0:06:27

################################################################################
                           Learning iteration 137/500                            

                            Total steps: 13565952 
                       Steps per second: 95399 
                        Collection time: 0.494s 
                          Learning time: 0.536s 
                        Mean value loss: 10.5889
                    Mean surrogate loss: -0.0083
                      Mean entropy loss: 17.1202
                            Mean reward: 550.23
                    Mean episode length: 940.12
                        Mean action std: 1.01
                /rew/similar_to_default: -9.0873
                  /rew/tracking_lin_vel: 42.9989
                  /rew/tracking_ang_vel: 7.0789
                       /rew/action_rate: -7.7114
                         /rew/lin_vel_z: -1.5897
                       /rew/base_height: -1.5523
--------------------------------------------------------------------------------
                         Iteration time: 1.03s
                           Time elapsed: 0:02:27
                                    ETA: 0:06:26

################################################################################
                           Learning iteration 138/500                            

                            Total steps: 13664256 
                       Steps per second: 95369 
                        Collection time: 0.494s 
                          Learning time: 0.537s 
                        Mean value loss: 11.1746
                    Mean surrogate loss: -0.0089
                      Mean entropy loss: 17.1094
                            Mean reward: 531.96
                    Mean episode length: 898.12
                        Mean action std: 1.01
                /rew/similar_to_default: -8.6814
                  /rew/tracking_lin_vel: 34.8992
                  /rew/tracking_ang_vel: 6.0400
                       /rew/action_rate: -6.8413
                         /rew/lin_vel_z: -1.6838
                       /rew/base_height: -1.0501
--------------------------------------------------------------------------------
                         Iteration time: 1.03s
                           Time elapsed: 0:02:28
                                    ETA: 0:06:24

################################################################################
                           Learning iteration 139/500                            

                            Total steps: 13762560 
                       Steps per second: 96554 
                        Collection time: 0.486s 
                          Learning time: 0.532s 
                        Mean value loss: 11.3774
                    Mean surrogate loss: -0.0096
                      Mean entropy loss: 17.0870
                            Mean reward: 511.09
                    Mean episode length: 874.83
                        Mean action std: 1.01
                /rew/similar_to_default: -6.7757
                  /rew/tracking_lin_vel: 28.1196
                  /rew/tracking_ang_vel: 4.8873
                       /rew/action_rate: -5.5260
                         /rew/lin_vel_z: -1.3181
                       /rew/base_height: -1.0111
--------------------------------------------------------------------------------
                         Iteration time: 1.02s
                           Time elapsed: 0:02:29
                                    ETA: 0:06:23

################################################################################
                           Learning iteration 140/500                            

                            Total steps: 13860864 
                       Steps per second: 95747 
                        Collection time: 0.493s 
                          Learning time: 0.533s 
                        Mean value loss: 10.2910
                    Mean surrogate loss: -0.0087
                      Mean entropy loss: 17.0624
                            Mean reward: 537.89
                    Mean episode length: 905.97
                        Mean action std: 1.00
                /rew/similar_to_default: -8.1210
                  /rew/tracking_lin_vel: 31.8550
                  /rew/tracking_ang_vel: 5.5393
                       /rew/action_rate: -6.4576
                         /rew/lin_vel_z: -1.5837
                       /rew/base_height: -1.0439
--------------------------------------------------------------------------------
                         Iteration time: 1.03s
                           Time elapsed: 0:02:30
                                    ETA: 0:06:22

################################################################################
                           Learning iteration 141/500                            

                            Total steps: 13959168 
                       Steps per second: 95952 
                        Collection time: 0.493s 
                          Learning time: 0.532s 
                        Mean value loss: 11.1150
                    Mean surrogate loss: -0.0084
                      Mean entropy loss: 17.0441
                            Mean reward: 493.03
                    Mean episode length: 855.11
                        Mean action std: 1.00
                /rew/similar_to_default: -8.2155
                  /rew/tracking_lin_vel: 38.0095
                  /rew/tracking_ang_vel: 6.3804
                       /rew/action_rate: -7.1181
                         /rew/lin_vel_z: -1.4437
                       /rew/base_height: -0.9789
--------------------------------------------------------------------------------
                         Iteration time: 1.02s
                           Time elapsed: 0:02:31
                                    ETA: 0:06:21

################################################################################
                           Learning iteration 142/500                            

                            Total steps: 14057472 
                       Steps per second: 95769 
                        Collection time: 0.495s 
                          Learning time: 0.532s 
                        Mean value loss: 9.4306
                    Mean surrogate loss: -0.0089
                      Mean entropy loss: 17.0372
                            Mean reward: 534.89
                    Mean episode length: 894.21
                        Mean action std: 1.00
                /rew/similar_to_default: -9.8806
                  /rew/tracking_lin_vel: 42.3088
                  /rew/tracking_ang_vel: 7.0709
                       /rew/action_rate: -8.3075
                         /rew/lin_vel_z: -1.8292
                       /rew/base_height: -1.2060
--------------------------------------------------------------------------------
                         Iteration time: 1.03s
                           Time elapsed: 0:02:32
                                    ETA: 0:06:20

################################################################################
                           Learning iteration 143/500                            

                            Total steps: 14155776 
                       Steps per second: 95820 
                        Collection time: 0.494s 
                          Learning time: 0.532s 
                        Mean value loss: 10.5130
                    Mean surrogate loss: -0.0081
                      Mean entropy loss: 17.0321
                            Mean reward: 555.40
                    Mean episode length: 924.15
                        Mean action std: 1.00
                /rew/similar_to_default: -10.2168
                  /rew/tracking_lin_vel: 42.4436
                  /rew/tracking_ang_vel: 7.4562
                       /rew/action_rate: -8.3613
                         /rew/lin_vel_z: -1.8758
                       /rew/base_height: -1.1656
--------------------------------------------------------------------------------
                         Iteration time: 1.03s
                           Time elapsed: 0:02:33
                                    ETA: 0:06:19

################################################################################
                           Learning iteration 144/500                            

                            Total steps: 14254080 
                       Steps per second: 96228 
                        Collection time: 0.491s 
                          Learning time: 0.530s 
                        Mean value loss: 10.2665
                    Mean surrogate loss: -0.0075
                      Mean entropy loss: 17.0316
                            Mean reward: 551.33
                    Mean episode length: 920.86
                        Mean action std: 1.00
                /rew/similar_to_default: -7.7826
                  /rew/tracking_lin_vel: 36.3917
                  /rew/tracking_ang_vel: 6.2917
                       /rew/action_rate: -6.8970
                         /rew/lin_vel_z: -1.4809
                       /rew/base_height: -1.1361
--------------------------------------------------------------------------------
                         Iteration time: 1.02s
                           Time elapsed: 0:02:34
                                    ETA: 0:06:17

################################################################################
                           Learning iteration 145/500                            

                            Total steps: 14352384 
                       Steps per second: 95409 
                        Collection time: 0.498s 
                          Learning time: 0.532s 
                        Mean value loss: 10.1078
                    Mean surrogate loss: -0.0094
                      Mean entropy loss: 17.0127
                            Mean reward: 550.93
                    Mean episode length: 923.70
                        Mean action std: 1.00
                /rew/similar_to_default: -6.4645
                  /rew/tracking_lin_vel: 30.6022
                  /rew/tracking_ang_vel: 5.0702
                       /rew/action_rate: -5.7345
                         /rew/lin_vel_z: -1.2625
                       /rew/base_height: -0.8479
--------------------------------------------------------------------------------
                         Iteration time: 1.03s
                           Time elapsed: 0:02:35
                                    ETA: 0:06:16

################################################################################
                           Learning iteration 146/500                            

                            Total steps: 14450688 
                       Steps per second: 96634 
                        Collection time: 0.486s 
                          Learning time: 0.531s 
                        Mean value loss: 9.7056
                    Mean surrogate loss: -0.0082
                      Mean entropy loss: 16.9922
                            Mean reward: 554.07
                    Mean episode length: 923.14
                        Mean action std: 1.00
                /rew/similar_to_default: -8.4129
                  /rew/tracking_lin_vel: 36.9351
                  /rew/tracking_ang_vel: 6.4113
                       /rew/action_rate: -7.1564
                         /rew/lin_vel_z: -1.7304
                       /rew/base_height: -1.0819
--------------------------------------------------------------------------------
                         Iteration time: 1.02s
                           Time elapsed: 0:02:36
                                    ETA: 0:06:15

################################################################################
                           Learning iteration 147/500                            

                            Total steps: 14548992 
                       Steps per second: 96814 
                        Collection time: 0.483s 
                          Learning time: 0.532s 
                        Mean value loss: 10.4616
                    Mean surrogate loss: -0.0085
                      Mean entropy loss: 16.9861
                            Mean reward: 548.58
                    Mean episode length: 927.32
                        Mean action std: 1.00
                /rew/similar_to_default: -9.7225
                  /rew/tracking_lin_vel: 42.2015
                  /rew/tracking_ang_vel: 7.5413
                       /rew/action_rate: -8.2472
                         /rew/lin_vel_z: -1.7946
                       /rew/base_height: -1.2370
--------------------------------------------------------------------------------
                         Iteration time: 1.02s
                           Time elapsed: 0:02:37
                                    ETA: 0:06:14

################################################################################
                           Learning iteration 148/500                            

                            Total steps: 14647296 
                       Steps per second: 95962 
                        Collection time: 0.493s 
                          Learning time: 0.531s 
                        Mean value loss: 9.0648
                    Mean surrogate loss: -0.0090
                      Mean entropy loss: 16.9681
                            Mean reward: 561.79
                    Mean episode length: 934.49
                        Mean action std: 1.00
                /rew/similar_to_default: -8.1974
                  /rew/tracking_lin_vel: 35.0480
                  /rew/tracking_ang_vel: 5.9914
                       /rew/action_rate: -6.9080
                         /rew/lin_vel_z: -1.5879
                       /rew/base_height: -1.0062
--------------------------------------------------------------------------------
                         Iteration time: 1.02s
                           Time elapsed: 0:02:38
                                    ETA: 0:06:13

################################################################################
                           Learning iteration 149/500                            

                            Total steps: 14745600 
                       Steps per second: 97580 
                        Collection time: 0.475s 
                          Learning time: 0.532s 
                        Mean value loss: 10.3980
                    Mean surrogate loss: -0.0081
                      Mean entropy loss: 16.9440
                            Mean reward: 549.89
                    Mean episode length: 913.84
                        Mean action std: 0.99
                /rew/similar_to_default: -8.9155
                  /rew/tracking_lin_vel: 44.1877
                  /rew/tracking_ang_vel: 7.4799
                       /rew/action_rate: -8.0972
                         /rew/lin_vel_z: -1.6924
                       /rew/base_height: -1.1560
--------------------------------------------------------------------------------
                         Iteration time: 1.01s
                           Time elapsed: 0:02:39
                                    ETA: 0:06:12

################################################################################
                           Learning iteration 150/500                            

                            Total steps: 14843904 
                       Steps per second: 96108 
                        Collection time: 0.492s 
                          Learning time: 0.530s 
                        Mean value loss: 9.5864
                    Mean surrogate loss: -0.0078
                      Mean entropy loss: 16.9369
                            Mean reward: 549.25
                    Mean episode length: 899.08
                        Mean action std: 0.99
                /rew/similar_to_default: -9.4727
                  /rew/tracking_lin_vel: 43.0116
                  /rew/tracking_ang_vel: 7.5187
                       /rew/action_rate: -8.0160
                         /rew/lin_vel_z: -1.5910
                       /rew/base_height: -1.0498
--------------------------------------------------------------------------------
                         Iteration time: 1.02s
                           Time elapsed: 0:02:40
                                    ETA: 0:06:10

################################################################################
                           Learning iteration 151/500                            

                            Total steps: 14942208 
                       Steps per second: 95952 
                        Collection time: 0.494s 
                          Learning time: 0.531s 
                        Mean value loss: 9.4501
                    Mean surrogate loss: -0.0086
                      Mean entropy loss: 16.9193
                            Mean reward: 561.43
                    Mean episode length: 926.52
                        Mean action std: 0.99
                /rew/similar_to_default: -9.4137
                  /rew/tracking_lin_vel: 43.2109
                  /rew/tracking_ang_vel: 7.2523
                       /rew/action_rate: -8.3319
                         /rew/lin_vel_z: -1.6765
                       /rew/base_height: -1.1290
--------------------------------------------------------------------------------
                         Iteration time: 1.02s
                           Time elapsed: 0:02:41
                                    ETA: 0:06:09

################################################################################
                           Learning iteration 152/500                            

                            Total steps: 15040512 
                       Steps per second: 96069 
                        Collection time: 0.490s 
                          Learning time: 0.534s 
                        Mean value loss: 8.9656
                    Mean surrogate loss: -0.0077
                      Mean entropy loss: 16.9176
                            Mean reward: 562.43
                    Mean episode length: 922.43
                        Mean action std: 0.99
                /rew/similar_to_default: -7.6866
                  /rew/tracking_lin_vel: 42.3259
                  /rew/tracking_ang_vel: 7.2443
                       /rew/action_rate: -7.6730
                         /rew/lin_vel_z: -1.3313
                       /rew/base_height: -1.1582
--------------------------------------------------------------------------------
                         Iteration time: 1.02s
                           Time elapsed: 0:02:42
                                    ETA: 0:06:08

################################################################################
                           Learning iteration 153/500                            

                            Total steps: 15138816 
                       Steps per second: 95783 
                        Collection time: 0.493s 
                          Learning time: 0.534s 
                        Mean value loss: 9.6559
                    Mean surrogate loss: -0.0094
                      Mean entropy loss: 16.9045
                            Mean reward: 577.69
                    Mean episode length: 940.22
                        Mean action std: 0.99
                /rew/similar_to_default: -8.2240
                  /rew/tracking_lin_vel: 42.0589
                  /rew/tracking_ang_vel: 7.3908
                       /rew/action_rate: -7.6251
                         /rew/lin_vel_z: -1.4959
                       /rew/base_height: -1.1642
--------------------------------------------------------------------------------
                         Iteration time: 1.03s
                           Time elapsed: 0:02:43
                                    ETA: 0:06:07

################################################################################
                           Learning iteration 154/500                            

                            Total steps: 15237120 
                       Steps per second: 96420 
                        Collection time: 0.487s 
                          Learning time: 0.532s 
                        Mean value loss: 8.5940
                    Mean surrogate loss: -0.0078
                      Mean entropy loss: 16.8808
                            Mean reward: 576.13
                    Mean episode length: 935.60
                        Mean action std: 0.99
                /rew/similar_to_default: -9.4791
                  /rew/tracking_lin_vel: 42.2493
                  /rew/tracking_ang_vel: 7.4337
                       /rew/action_rate: -8.1698
                         /rew/lin_vel_z: -1.7058
                       /rew/base_height: -1.1347
--------------------------------------------------------------------------------
                         Iteration time: 1.02s
                           Time elapsed: 0:02:44
                                    ETA: 0:06:06

################################################################################
                           Learning iteration 155/500                            

                            Total steps: 15335424 
                       Steps per second: 96146 
                        Collection time: 0.489s 
                          Learning time: 0.533s 
                        Mean value loss: 8.8836
                    Mean surrogate loss: -0.0082
                      Mean entropy loss: 16.8562
                            Mean reward: 561.70
                    Mean episode length: 926.41
                        Mean action std: 0.99
                /rew/similar_to_default: -8.4851
                  /rew/tracking_lin_vel: 39.9892
                  /rew/tracking_ang_vel: 6.9912
                       /rew/action_rate: -7.3757
                         /rew/lin_vel_z: -1.3520
                       /rew/base_height: -0.8837
--------------------------------------------------------------------------------
                         Iteration time: 1.02s
                           Time elapsed: 0:02:45
                                    ETA: 0:06:05

################################################################################
                           Learning iteration 156/500                            

                            Total steps: 15433728 
                       Steps per second: 95695 
                        Collection time: 0.493s 
                          Learning time: 0.534s 
                        Mean value loss: 9.0397
                    Mean surrogate loss: -0.0086
                      Mean entropy loss: 16.8390
                            Mean reward: 562.90
                    Mean episode length: 908.97
                        Mean action std: 0.99
                /rew/similar_to_default: -7.7797
                  /rew/tracking_lin_vel: 45.1292
                  /rew/tracking_ang_vel: 7.7279
                       /rew/action_rate: -7.9870
                         /rew/lin_vel_z: -1.1313
                       /rew/base_height: -1.0875
--------------------------------------------------------------------------------
                         Iteration time: 1.03s
                           Time elapsed: 0:02:46
                                    ETA: 0:06:04

################################################################################
                           Learning iteration 157/500                            

                            Total steps: 15532032 
                       Steps per second: 96458 
                        Collection time: 0.487s 
                          Learning time: 0.532s 
                        Mean value loss: 8.9211
                    Mean surrogate loss: -0.0088
                      Mean entropy loss: 16.8255
                            Mean reward: 565.24
                    Mean episode length: 926.44
                        Mean action std: 0.98
                /rew/similar_to_default: -7.9427
                  /rew/tracking_lin_vel: 35.5339
                  /rew/tracking_ang_vel: 6.0754
                       /rew/action_rate: -6.7632
                         /rew/lin_vel_z: -1.4267
                       /rew/base_height: -0.8554
--------------------------------------------------------------------------------
                         Iteration time: 1.02s
                           Time elapsed: 0:02:47
                                    ETA: 0:06:02

################################################################################
                           Learning iteration 158/500                            

                            Total steps: 15630336 
                       Steps per second: 95980 
                        Collection time: 0.491s 
                          Learning time: 0.533s 
                        Mean value loss: 8.8726
                    Mean surrogate loss: -0.0084
                      Mean entropy loss: 16.8111
                            Mean reward: 578.25
                    Mean episode length: 925.25
                        Mean action std: 0.98
                /rew/similar_to_default: -9.2536
                  /rew/tracking_lin_vel: 43.0470
                  /rew/tracking_ang_vel: 7.9138
                       /rew/action_rate: -8.0762
                         /rew/lin_vel_z: -1.8084
                       /rew/base_height: -1.1043
--------------------------------------------------------------------------------
                         Iteration time: 1.02s
                           Time elapsed: 0:02:48
                                    ETA: 0:06:01

################################################################################
                           Learning iteration 159/500                            

                            Total steps: 15728640 
                       Steps per second: 95904 
                        Collection time: 0.489s 
                          Learning time: 0.536s 
                        Mean value loss: 7.7459
                    Mean surrogate loss: -0.0090
                      Mean entropy loss: 16.7978
                            Mean reward: 599.25
                    Mean episode length: 962.87
                        Mean action std: 0.98
                /rew/similar_to_default: -8.2606
                  /rew/tracking_lin_vel: 41.8057
                  /rew/tracking_ang_vel: 7.5447
                       /rew/action_rate: -7.7090
                         /rew/lin_vel_z: -1.4299
                       /rew/base_height: -1.1117
--------------------------------------------------------------------------------
                         Iteration time: 1.03s
                           Time elapsed: 0:02:49
                                    ETA: 0:06:00

################################################################################
                           Learning iteration 160/500                            

                            Total steps: 15826944 
                       Steps per second: 96463 
                        Collection time: 0.483s 
                          Learning time: 0.536s 
                        Mean value loss: 7.7546
                    Mean surrogate loss: -0.0091
                      Mean entropy loss: 16.7722
                            Mean reward: 594.88
                    Mean episode length: 960.19
                        Mean action std: 0.98
                /rew/similar_to_default: -9.0656
                  /rew/tracking_lin_vel: 44.2118
                  /rew/tracking_ang_vel: 7.6721
                       /rew/action_rate: -8.0491
                         /rew/lin_vel_z: -1.3804
                       /rew/base_height: -0.9566
--------------------------------------------------------------------------------
                         Iteration time: 1.02s
                           Time elapsed: 0:02:50
                                    ETA: 0:05:59

################################################################################
                           Learning iteration 161/500                            

                            Total steps: 15925248 
                       Steps per second: 95599 
                        Collection time: 0.491s 
                          Learning time: 0.537s 
                        Mean value loss: 7.7054
                    Mean surrogate loss: -0.0080
                      Mean entropy loss: 16.7464
                            Mean reward: 602.56
                    Mean episode length: 973.65
                        Mean action std: 0.98
                /rew/similar_to_default: -7.8909
                  /rew/tracking_lin_vel: 34.1857
                  /rew/tracking_ang_vel: 6.2511
                       /rew/action_rate: -6.4261
                         /rew/lin_vel_z: -1.4358
                       /rew/base_height: -0.7465
--------------------------------------------------------------------------------
                         Iteration time: 1.03s
                           Time elapsed: 0:02:51
                                    ETA: 0:05:58

################################################################################
                           Learning iteration 162/500                            

                            Total steps: 16023552 
                       Steps per second: 95511 
                        Collection time: 0.492s 
                          Learning time: 0.537s 
                        Mean value loss: 8.1855
                    Mean surrogate loss: -0.0083
                      Mean entropy loss: 16.7281
                            Mean reward: 594.39
                    Mean episode length: 958.99
                        Mean action std: 0.98
                /rew/similar_to_default: -9.3101
                  /rew/tracking_lin_vel: 43.2165
                  /rew/tracking_ang_vel: 7.7880
                       /rew/action_rate: -8.1294
                         /rew/lin_vel_z: -1.5931
                       /rew/base_height: -0.9411
--------------------------------------------------------------------------------
                         Iteration time: 1.03s
                           Time elapsed: 0:02:52
                                    ETA: 0:05:57

################################################################################
                           Learning iteration 163/500                            

                            Total steps: 16121856 
                       Steps per second: 95555 
                        Collection time: 0.493s 
                          Learning time: 0.536s 
                        Mean value loss: 8.7085
                    Mean surrogate loss: -0.0073
                      Mean entropy loss: 16.7305
                            Mean reward: 585.65
                    Mean episode length: 940.71
                        Mean action std: 0.98
                /rew/similar_to_default: -9.2057
                  /rew/tracking_lin_vel: 43.9508
                  /rew/tracking_ang_vel: 7.6301
                       /rew/action_rate: -8.1987
                         /rew/lin_vel_z: -1.5412
                       /rew/base_height: -1.0052
--------------------------------------------------------------------------------
                         Iteration time: 1.03s
                           Time elapsed: 0:02:53
                                    ETA: 0:05:56

################################################################################
                           Learning iteration 164/500                            

                            Total steps: 16220160 
                       Steps per second: 95518 
                        Collection time: 0.492s 
                          Learning time: 0.537s 
                        Mean value loss: 8.6473
                    Mean surrogate loss: -0.0079
                      Mean entropy loss: 16.7155
                            Mean reward: 588.96
                    Mean episode length: 952.13
                        Mean action std: 0.98
                /rew/similar_to_default: -8.8991
                  /rew/tracking_lin_vel: 41.7831
                  /rew/tracking_ang_vel: 7.4710
                       /rew/action_rate: -7.9420
                         /rew/lin_vel_z: -1.5167
                       /rew/base_height: -0.9085
--------------------------------------------------------------------------------
                         Iteration time: 1.03s
                           Time elapsed: 0:02:54
                                    ETA: 0:05:54

################################################################################
                           Learning iteration 165/500                            

                            Total steps: 16318464 
                       Steps per second: 95652 
                        Collection time: 0.492s 
                          Learning time: 0.536s 
                        Mean value loss: 8.5174
                    Mean surrogate loss: -0.0084
                      Mean entropy loss: 16.7091
                            Mean reward: 609.08
                    Mean episode length: 975.38
                        Mean action std: 0.98
                /rew/similar_to_default: -9.1067
                  /rew/tracking_lin_vel: 44.0529
                  /rew/tracking_ang_vel: 7.6430
                       /rew/action_rate: -8.0393
                         /rew/lin_vel_z: -1.4552
                       /rew/base_height: -0.9599
--------------------------------------------------------------------------------
                         Iteration time: 1.03s
                           Time elapsed: 0:02:55
                                    ETA: 0:05:53

################################################################################
                           Learning iteration 166/500                            

                            Total steps: 16416768 
                       Steps per second: 96270 
                        Collection time: 0.486s 
                          Learning time: 0.535s 
                        Mean value loss: 7.1617
                    Mean surrogate loss: -0.0088
                      Mean entropy loss: 16.6933
                            Mean reward: 596.08
                    Mean episode length: 953.59
                        Mean action std: 0.97
                /rew/similar_to_default: -9.1901
                  /rew/tracking_lin_vel: 41.5869
                  /rew/tracking_ang_vel: 7.3796
                       /rew/action_rate: -7.8348
                         /rew/lin_vel_z: -1.6595
                       /rew/base_height: -0.9597
--------------------------------------------------------------------------------
                         Iteration time: 1.02s
                           Time elapsed: 0:02:56
                                    ETA: 0:05:52

################################################################################
                           Learning iteration 167/500                            

                            Total steps: 16515072 
                       Steps per second: 95241 
                        Collection time: 0.493s 
                          Learning time: 0.539s 
                        Mean value loss: 8.6842
                    Mean surrogate loss: -0.0086
                      Mean entropy loss: 16.6871
                            Mean reward: 586.31
                    Mean episode length: 943.92
                        Mean action std: 0.97
                /rew/similar_to_default: -9.1754
                  /rew/tracking_lin_vel: 43.5202
                  /rew/tracking_ang_vel: 7.8494
                       /rew/action_rate: -8.1418
                         /rew/lin_vel_z: -1.5171
                       /rew/base_height: -0.9720
--------------------------------------------------------------------------------
                         Iteration time: 1.03s
                           Time elapsed: 0:02:57
                                    ETA: 0:05:51

################################################################################
                           Learning iteration 168/500                            

                            Total steps: 16613376 
                       Steps per second: 95551 
                        Collection time: 0.493s 
                          Learning time: 0.536s 
                        Mean value loss: 7.9443
                    Mean surrogate loss: -0.0080
                      Mean entropy loss: 16.6939
                            Mean reward: 604.53
                    Mean episode length: 952.99
                        Mean action std: 0.97
                /rew/similar_to_default: -9.8511
                  /rew/tracking_lin_vel: 43.4107
                  /rew/tracking_ang_vel: 7.7769
                       /rew/action_rate: -8.2639
                         /rew/lin_vel_z: -1.5991
                       /rew/base_height: -0.8547
--------------------------------------------------------------------------------
                         Iteration time: 1.03s
                           Time elapsed: 0:02:58
                                    ETA: 0:05:50

################################################################################
                           Learning iteration 169/500                            

                            Total steps: 16711680 
                       Steps per second: 95450 
                        Collection time: 0.494s 
                          Learning time: 0.536s 
                        Mean value loss: 8.6026
                    Mean surrogate loss: -0.0082
                      Mean entropy loss: 16.7038
                            Mean reward: 601.28
                    Mean episode length: 960.84
                        Mean action std: 0.98
                /rew/similar_to_default: -9.0779
                  /rew/tracking_lin_vel: 43.9406
                  /rew/tracking_ang_vel: 7.9817
                       /rew/action_rate: -8.2723
                         /rew/lin_vel_z: -1.5603
                       /rew/base_height: -0.9624
--------------------------------------------------------------------------------
                         Iteration time: 1.03s
                           Time elapsed: 0:02:59
                                    ETA: 0:05:49

################################################################################
                           Learning iteration 170/500                            

                            Total steps: 16809984 
                       Steps per second: 94627 
                        Collection time: 0.503s 
                          Learning time: 0.536s 
                        Mean value loss: 7.5348
                    Mean surrogate loss: -0.0075
                      Mean entropy loss: 16.7082
                            Mean reward: 604.52
                    Mean episode length: 956.92
                        Mean action std: 0.98
                /rew/similar_to_default: -8.8954
                  /rew/tracking_lin_vel: 44.4483
                  /rew/tracking_ang_vel: 7.7851
                       /rew/action_rate: -7.9995
                         /rew/lin_vel_z: -1.3765
                       /rew/base_height: -0.8899
--------------------------------------------------------------------------------
                         Iteration time: 1.04s
                           Time elapsed: 0:03:01
                                    ETA: 0:05:48

################################################################################
                           Learning iteration 171/500                            

                            Total steps: 16908288 
                       Steps per second: 95970 
                        Collection time: 0.490s 
                          Learning time: 0.535s 
                        Mean value loss: 8.0078
                    Mean surrogate loss: -0.0063
                      Mean entropy loss: 16.7084
                            Mean reward: 588.84
                    Mean episode length: 929.44
                        Mean action std: 0.98
                /rew/similar_to_default: -7.3157
                  /rew/tracking_lin_vel: 35.6842
                  /rew/tracking_ang_vel: 6.2232
                       /rew/action_rate: -6.4326
                         /rew/lin_vel_z: -1.0993
                       /rew/base_height: -0.6483
--------------------------------------------------------------------------------
                         Iteration time: 1.02s
                           Time elapsed: 0:03:02
                                    ETA: 0:05:47

################################################################################
                           Learning iteration 172/500                            

                            Total steps: 17006592 
                       Steps per second: 95613 
                        Collection time: 0.492s 
                          Learning time: 0.536s 
                        Mean value loss: 7.8902
                    Mean surrogate loss: -0.0072
                      Mean entropy loss: 16.6941
                            Mean reward: 601.07
                    Mean episode length: 944.31
                        Mean action std: 0.97
                /rew/similar_to_default: -9.5985
                  /rew/tracking_lin_vel: 43.4034
                  /rew/tracking_ang_vel: 7.6317
                       /rew/action_rate: -8.1883
                         /rew/lin_vel_z: -1.6251
                       /rew/base_height: -0.8893
--------------------------------------------------------------------------------
                         Iteration time: 1.03s
                           Time elapsed: 0:03:03
                                    ETA: 0:05:46

################################################################################
                           Learning iteration 173/500                            

                            Total steps: 17104896 
                       Steps per second: 95456 
                        Collection time: 0.494s 
                          Learning time: 0.536s 
                        Mean value loss: 8.2971
                    Mean surrogate loss: -0.0084
                      Mean entropy loss: 16.6833
                            Mean reward: 581.69
                    Mean episode length: 925.71
                        Mean action std: 0.97
                /rew/similar_to_default: -8.7212
                  /rew/tracking_lin_vel: 44.8562
                  /rew/tracking_ang_vel: 7.9945
                       /rew/action_rate: -7.9762
                         /rew/lin_vel_z: -1.4492
                       /rew/base_height: -0.8738
--------------------------------------------------------------------------------
                         Iteration time: 1.03s
                           Time elapsed: 0:03:04
                                    ETA: 0:05:44

################################################################################
                           Learning iteration 174/500                            

                            Total steps: 17203200 
                       Steps per second: 95809 
                        Collection time: 0.491s 
                          Learning time: 0.535s 
                        Mean value loss: 6.8887
                    Mean surrogate loss: -0.0080
                      Mean entropy loss: 16.6629
                            Mean reward: 584.61
                    Mean episode length: 932.39
                        Mean action std: 0.97
                /rew/similar_to_default: -9.6240
                  /rew/tracking_lin_vel: 43.5843
                  /rew/tracking_ang_vel: 7.8047
                       /rew/action_rate: -8.1705
                         /rew/lin_vel_z: -1.6085
                       /rew/base_height: -0.8845
--------------------------------------------------------------------------------
                         Iteration time: 1.03s
                           Time elapsed: 0:03:05
                                    ETA: 0:05:43

################################################################################
                           Learning iteration 175/500                            

                            Total steps: 17301504 
                       Steps per second: 95839 
                        Collection time: 0.492s 
                          Learning time: 0.534s 
                        Mean value loss: 6.2847
                    Mean surrogate loss: -0.0086
                      Mean entropy loss: 16.6310
                            Mean reward: 628.79
                    Mean episode length: 982.16
                        Mean action std: 0.97
                /rew/similar_to_default: -9.0684
                  /rew/tracking_lin_vel: 44.1836
                  /rew/tracking_ang_vel: 7.7521
                       /rew/action_rate: -7.9803
                         /rew/lin_vel_z: -1.4360
                       /rew/base_height: -0.8176
--------------------------------------------------------------------------------
                         Iteration time: 1.03s
                           Time elapsed: 0:03:06
                                    ETA: 0:05:42

################################################################################
                           Learning iteration 176/500                            

                            Total steps: 17399808 
                       Steps per second: 95453 
                        Collection time: 0.494s 
                          Learning time: 0.536s 
                        Mean value loss: 7.0039
                    Mean surrogate loss: -0.0091
                      Mean entropy loss: 16.6012
                            Mean reward: 626.23
                    Mean episode length: 970.32
                        Mean action std: 0.97
                /rew/similar_to_default: -9.0590
                  /rew/tracking_lin_vel: 43.6731
                  /rew/tracking_ang_vel: 7.7462
                       /rew/action_rate: -8.0060
                         /rew/lin_vel_z: -1.3820
                       /rew/base_height: -0.7801
--------------------------------------------------------------------------------
                         Iteration time: 1.03s
                           Time elapsed: 0:03:07
                                    ETA: 0:05:41

################################################################################
                           Learning iteration 177/500                            

                            Total steps: 17498112 
                       Steps per second: 95665 
                        Collection time: 0.491s 
                          Learning time: 0.536s 
                        Mean value loss: 7.7110
                    Mean surrogate loss: -0.0066
                      Mean entropy loss: 16.5829
                            Mean reward: 615.24
                    Mean episode length: 964.02
                        Mean action std: 0.96
                /rew/similar_to_default: -8.8510
                  /rew/tracking_lin_vel: 43.9060
                  /rew/tracking_ang_vel: 7.9962
                       /rew/action_rate: -7.9054
                         /rew/lin_vel_z: -1.4439
                       /rew/base_height: -0.8359
--------------------------------------------------------------------------------
                         Iteration time: 1.03s
                           Time elapsed: 0:03:08
                                    ETA: 0:05:40

################################################################################
                           Learning iteration 178/500                            

                            Total steps: 17596416 
                       Steps per second: 95431 
                        Collection time: 0.493s 
                          Learning time: 0.537s 
                        Mean value loss: 7.8111
                    Mean surrogate loss: -0.0084
                      Mean entropy loss: 16.5690
                            Mean reward: 617.21
                    Mean episode length: 956.54
                        Mean action std: 0.96
                /rew/similar_to_default: -8.9570
                  /rew/tracking_lin_vel: 43.5205
                  /rew/tracking_ang_vel: 7.9975
                       /rew/action_rate: -7.7978
                         /rew/lin_vel_z: -1.3271
                       /rew/base_height: -0.8569
--------------------------------------------------------------------------------
                         Iteration time: 1.03s
                           Time elapsed: 0:03:09
                                    ETA: 0:05:39

################################################################################
                           Learning iteration 179/500                            

                            Total steps: 17694720 
                       Steps per second: 95580 
                        Collection time: 0.491s 
                          Learning time: 0.537s 
                        Mean value loss: 6.8944
                    Mean surrogate loss: -0.0090
                      Mean entropy loss: 16.5516
                            Mean reward: 605.94
                    Mean episode length: 943.67
                        Mean action std: 0.96
                /rew/similar_to_default: -8.5540
                  /rew/tracking_lin_vel: 44.7198
                  /rew/tracking_ang_vel: 8.1476
                       /rew/action_rate: -7.8936
                         /rew/lin_vel_z: -1.2678
                       /rew/base_height: -0.7442
--------------------------------------------------------------------------------
                         Iteration time: 1.03s
                           Time elapsed: 0:03:10
                                    ETA: 0:05:38

################################################################################
                           Learning iteration 180/500                            

                            Total steps: 17793024 
                       Steps per second: 95965 
                        Collection time: 0.488s 
                          Learning time: 0.536s 
                        Mean value loss: 6.8135
                    Mean surrogate loss: -0.0080
                      Mean entropy loss: 16.5314
                            Mean reward: 600.30
                    Mean episode length: 936.25
                        Mean action std: 0.96
                /rew/similar_to_default: -8.4324
                  /rew/tracking_lin_vel: 43.9218
                  /rew/tracking_ang_vel: 8.0453
                       /rew/action_rate: -7.8473
                         /rew/lin_vel_z: -1.4113
                       /rew/base_height: -0.9878
--------------------------------------------------------------------------------
                         Iteration time: 1.02s
                           Time elapsed: 0:03:11
                                    ETA: 0:05:37

################################################################################
                           Learning iteration 181/500                            

                            Total steps: 17891328 
                       Steps per second: 95960 
                        Collection time: 0.490s 
                          Learning time: 0.534s 
                        Mean value loss: 7.2748
                    Mean surrogate loss: -0.0088
                      Mean entropy loss: 16.5247
                            Mean reward: 624.70
                    Mean episode length: 952.97
                        Mean action std: 0.96
                /rew/similar_to_default: -8.7834
                  /rew/tracking_lin_vel: 44.6757
                  /rew/tracking_ang_vel: 7.9954
                       /rew/action_rate: -7.9023
                         /rew/lin_vel_z: -1.2764
                       /rew/base_height: -0.8462
--------------------------------------------------------------------------------
                         Iteration time: 1.02s
                           Time elapsed: 0:03:12
                                    ETA: 0:05:36

################################################################################
                           Learning iteration 182/500                            

                            Total steps: 17989632 
                       Steps per second: 94993 
                        Collection time: 0.500s 
                          Learning time: 0.535s 
                        Mean value loss: 7.2043
                    Mean surrogate loss: -0.0072
                      Mean entropy loss: 16.5304
                            Mean reward: 626.61
                    Mean episode length: 970.58
                        Mean action std: 0.96
                /rew/similar_to_default: -7.9217
                  /rew/tracking_lin_vel: 39.3125
                  /rew/tracking_ang_vel: 7.1803
                       /rew/action_rate: -7.1495
                         /rew/lin_vel_z: -1.2578
                       /rew/base_height: -0.7255
--------------------------------------------------------------------------------
                         Iteration time: 1.03s
                           Time elapsed: 0:03:13
                                    ETA: 0:05:34

################################################################################
                           Learning iteration 183/500                            

                            Total steps: 18087936 
                       Steps per second: 96174 
                        Collection time: 0.489s 
                          Learning time: 0.533s 
                        Mean value loss: 6.1002
                    Mean surrogate loss: -0.0082
                      Mean entropy loss: 16.5104
                            Mean reward: 605.54
                    Mean episode length: 932.48
                        Mean action std: 0.96
                /rew/similar_to_default: -9.4812
                  /rew/tracking_lin_vel: 43.4148
                  /rew/tracking_ang_vel: 7.9504
                       /rew/action_rate: -8.2116
                         /rew/lin_vel_z: -1.3828
                       /rew/base_height: -0.6441
--------------------------------------------------------------------------------
                         Iteration time: 1.02s
                           Time elapsed: 0:03:14
                                    ETA: 0:05:33

################################################################################
                           Learning iteration 184/500                            

                            Total steps: 18186240 
                       Steps per second: 96113 
                        Collection time: 0.489s 
                          Learning time: 0.533s 
                        Mean value loss: 7.4381
                    Mean surrogate loss: -0.0077
                      Mean entropy loss: 16.4964
                            Mean reward: 623.44
                    Mean episode length: 964.77
                        Mean action std: 0.96
                /rew/similar_to_default: -6.6241
                  /rew/tracking_lin_vel: 26.1421
                  /rew/tracking_ang_vel: 4.8088
                       /rew/action_rate: -4.9784
                         /rew/lin_vel_z: -1.1099
                       /rew/base_height: -0.3977
--------------------------------------------------------------------------------
                         Iteration time: 1.02s
                           Time elapsed: 0:03:15
                                    ETA: 0:05:32

################################################################################
                           Learning iteration 185/500                            

                            Total steps: 18284544 
                       Steps per second: 96326 
                        Collection time: 0.489s 
                          Learning time: 0.531s 
                        Mean value loss: 6.2384
                    Mean surrogate loss: -0.0082
                      Mean entropy loss: 16.4954
                            Mean reward: 632.19
                    Mean episode length: 974.27
                        Mean action std: 0.96
                /rew/similar_to_default: -9.2286
                  /rew/tracking_lin_vel: 44.1429
                  /rew/tracking_ang_vel: 8.0589
                       /rew/action_rate: -7.9792
                         /rew/lin_vel_z: -1.3467
                       /rew/base_height: -0.7244
--------------------------------------------------------------------------------
                         Iteration time: 1.02s
                           Time elapsed: 0:03:16
                                    ETA: 0:05:31

################################################################################
                           Learning iteration 186/500                            

                            Total steps: 18382848 
                       Steps per second: 96375 
                        Collection time: 0.487s 
                          Learning time: 0.533s 
                        Mean value loss: 7.1171
                    Mean surrogate loss: -0.0077
                      Mean entropy loss: 16.4881
                            Mean reward: 624.94
                    Mean episode length: 959.38
                        Mean action std: 0.96
                /rew/similar_to_default: -8.7305
                  /rew/tracking_lin_vel: 41.3346
                  /rew/tracking_ang_vel: 7.5325
                       /rew/action_rate: -7.6406
                         /rew/lin_vel_z: -1.3890
                       /rew/base_height: -0.7281
--------------------------------------------------------------------------------
                         Iteration time: 1.02s
                           Time elapsed: 0:03:17
                                    ETA: 0:05:30

################################################################################
                           Learning iteration 187/500                            

                            Total steps: 18481152 
                       Steps per second: 96727 
                        Collection time: 0.486s 
                          Learning time: 0.530s 
                        Mean value loss: 7.5983
                    Mean surrogate loss: -0.0083
                      Mean entropy loss: 16.4827
                            Mean reward: 617.82
                    Mean episode length: 948.68
                        Mean action std: 0.96
                /rew/similar_to_default: -9.4617
                  /rew/tracking_lin_vel: 44.0491
                  /rew/tracking_ang_vel: 8.0268
                       /rew/action_rate: -8.1680
                         /rew/lin_vel_z: -1.5651
                       /rew/base_height: -0.7329
--------------------------------------------------------------------------------
                         Iteration time: 1.02s
                           Time elapsed: 0:03:18
                                    ETA: 0:05:29

################################################################################
                           Learning iteration 188/500                            

                            Total steps: 18579456 
                       Steps per second: 96241 
                        Collection time: 0.488s 
                          Learning time: 0.533s 
                        Mean value loss: 7.3470
                    Mean surrogate loss: -0.0082
                      Mean entropy loss: 16.4746
                            Mean reward: 623.93
                    Mean episode length: 962.88
                        Mean action std: 0.96
                /rew/similar_to_default: -9.8039
                  /rew/tracking_lin_vel: 44.2025
                  /rew/tracking_ang_vel: 7.9414
                       /rew/action_rate: -7.9130
                         /rew/lin_vel_z: -1.3841
                       /rew/base_height: -0.6134
--------------------------------------------------------------------------------
                         Iteration time: 1.02s
                           Time elapsed: 0:03:19
                                    ETA: 0:05:28

################################################################################
                           Learning iteration 189/500                            

                            Total steps: 18677760 
                       Steps per second: 96317 
                        Collection time: 0.487s 
                          Learning time: 0.534s 
                        Mean value loss: 6.8912
                    Mean surrogate loss: -0.0079
                      Mean entropy loss: 16.4644
                            Mean reward: 620.34
                    Mean episode length: 943.42
                        Mean action std: 0.96
                /rew/similar_to_default: -10.4550
                  /rew/tracking_lin_vel: 43.8175
                  /rew/tracking_ang_vel: 7.8192
                       /rew/action_rate: -8.1822
                         /rew/lin_vel_z: -1.6596
                       /rew/base_height: -0.5929
--------------------------------------------------------------------------------
                         Iteration time: 1.02s
                           Time elapsed: 0:03:20
                                    ETA: 0:05:27

################################################################################
                           Learning iteration 190/500                            

                            Total steps: 18776064 
                       Steps per second: 95996 
                        Collection time: 0.491s 
                          Learning time: 0.533s 
                        Mean value loss: 6.2071
                    Mean surrogate loss: -0.0089
                      Mean entropy loss: 16.4529
                            Mean reward: 620.65
                    Mean episode length: 945.58
                        Mean action std: 0.95
                /rew/similar_to_default: -9.3803
                  /rew/tracking_lin_vel: 44.3188
                  /rew/tracking_ang_vel: 8.2345
                       /rew/action_rate: -7.9009
                         /rew/lin_vel_z: -1.2740
                       /rew/base_height: -0.6743
--------------------------------------------------------------------------------
                         Iteration time: 1.02s
                           Time elapsed: 0:03:21
                                    ETA: 0:05:26

################################################################################
                           Learning iteration 191/500                            

                            Total steps: 18874368 
                       Steps per second: 97186 
                        Collection time: 0.480s 
                          Learning time: 0.531s 
                        Mean value loss: 6.6368
                    Mean surrogate loss: -0.0080
                      Mean entropy loss: 16.4470
                            Mean reward: 623.06
                    Mean episode length: 954.36
                        Mean action std: 0.95
                /rew/similar_to_default: -9.8843
                  /rew/tracking_lin_vel: 44.2231
                  /rew/tracking_ang_vel: 8.0543
                       /rew/action_rate: -8.0902
                         /rew/lin_vel_z: -1.6034
                       /rew/base_height: -0.6433
--------------------------------------------------------------------------------
                         Iteration time: 1.01s
                           Time elapsed: 0:03:22
                                    ETA: 0:05:24

################################################################################
                           Learning iteration 192/500                            

                            Total steps: 18972672 
                       Steps per second: 96152 
                        Collection time: 0.488s 
                          Learning time: 0.534s 
                        Mean value loss: 6.2703
                    Mean surrogate loss: -0.0091
                      Mean entropy loss: 16.4240
                            Mean reward: 628.37
                    Mean episode length: 960.07
                        Mean action std: 0.95
                /rew/similar_to_default: -9.8909
                  /rew/tracking_lin_vel: 43.4844
                  /rew/tracking_ang_vel: 8.0499
                       /rew/action_rate: -8.2896
                         /rew/lin_vel_z: -1.6239
                       /rew/base_height: -0.6804
--------------------------------------------------------------------------------
                         Iteration time: 1.02s
                           Time elapsed: 0:03:23
                                    ETA: 0:05:23

################################################################################
                           Learning iteration 193/500                            

                            Total steps: 19070976 
                       Steps per second: 95954 
                        Collection time: 0.492s 
                          Learning time: 0.532s 
                        Mean value loss: 6.8928
                    Mean surrogate loss: -0.0085
                      Mean entropy loss: 16.4010
                            Mean reward: 618.93
                    Mean episode length: 944.82
                        Mean action std: 0.95
                /rew/similar_to_default: -10.0375
                  /rew/tracking_lin_vel: 43.1251
                  /rew/tracking_ang_vel: 7.9311
                       /rew/action_rate: -8.3714
                         /rew/lin_vel_z: -1.6481
                       /rew/base_height: -0.5559
--------------------------------------------------------------------------------
                         Iteration time: 1.02s
                           Time elapsed: 0:03:24
                                    ETA: 0:05:22

################################################################################
                           Learning iteration 194/500                            

                            Total steps: 19169280 
                       Steps per second: 96422 
                        Collection time: 0.489s 
                          Learning time: 0.531s 
                        Mean value loss: 7.7903
                    Mean surrogate loss: -0.0077
                      Mean entropy loss: 16.3960
                            Mean reward: 619.63
                    Mean episode length: 936.63
                        Mean action std: 0.95
                /rew/similar_to_default: -9.2529
                  /rew/tracking_lin_vel: 44.1969
                  /rew/tracking_ang_vel: 8.0400
                       /rew/action_rate: -7.9203
                         /rew/lin_vel_z: -1.3694
                       /rew/base_height: -0.6950
--------------------------------------------------------------------------------
                         Iteration time: 1.02s
                           Time elapsed: 0:03:25
                                    ETA: 0:05:21

################################################################################
                           Learning iteration 195/500                            

                            Total steps: 19267584 
                       Steps per second: 96488 
                        Collection time: 0.486s 
                          Learning time: 0.533s 
                        Mean value loss: 7.7907
                    Mean surrogate loss: -0.0081
                      Mean entropy loss: 16.3965
                            Mean reward: 606.00
                    Mean episode length: 929.38
                        Mean action std: 0.95
                /rew/similar_to_default: -9.3009
                  /rew/tracking_lin_vel: 44.4646
                  /rew/tracking_ang_vel: 8.0826
                       /rew/action_rate: -8.1186
                         /rew/lin_vel_z: -1.5184
                       /rew/base_height: -0.6100
--------------------------------------------------------------------------------
                         Iteration time: 1.02s
                           Time elapsed: 0:03:26
                                    ETA: 0:05:20

################################################################################
                           Learning iteration 196/500                            

                            Total steps: 19365888 
                       Steps per second: 95900 
                        Collection time: 0.488s 
                          Learning time: 0.537s 
                        Mean value loss: 6.6088
                    Mean surrogate loss: -0.0078
                      Mean entropy loss: 16.3814
                            Mean reward: 635.69
                    Mean episode length: 953.42
                        Mean action std: 0.95
                /rew/similar_to_default: -8.8164
                  /rew/tracking_lin_vel: 45.4768
                  /rew/tracking_ang_vel: 8.2230
                       /rew/action_rate: -7.9882
                         /rew/lin_vel_z: -1.2571
                       /rew/base_height: -0.6956
--------------------------------------------------------------------------------
                         Iteration time: 1.03s
                           Time elapsed: 0:03:27
                                    ETA: 0:05:19

################################################################################
                           Learning iteration 197/500                            

                            Total steps: 19464192 
                       Steps per second: 96164 
                        Collection time: 0.489s 
                          Learning time: 0.533s 
                        Mean value loss: 6.4706
                    Mean surrogate loss: -0.0085
                      Mean entropy loss: 16.3548
                            Mean reward: 650.68
                    Mean episode length: 971.27
                        Mean action std: 0.95
                /rew/similar_to_default: -9.5379
                  /rew/tracking_lin_vel: 44.3108
                  /rew/tracking_ang_vel: 8.0755
                       /rew/action_rate: -8.3927
                         /rew/lin_vel_z: -1.5800
                       /rew/base_height: -0.5991
--------------------------------------------------------------------------------
                         Iteration time: 1.02s
                           Time elapsed: 0:03:28
                                    ETA: 0:05:18

################################################################################
                           Learning iteration 198/500                            

                            Total steps: 19562496 
                       Steps per second: 96111 
                        Collection time: 0.490s 
                          Learning time: 0.533s 
                        Mean value loss: 6.8590
                    Mean surrogate loss: -0.0079
                      Mean entropy loss: 16.3357
                            Mean reward: 645.10
                    Mean episode length: 977.31
                        Mean action std: 0.95
                /rew/similar_to_default: -10.1261
                  /rew/tracking_lin_vel: 43.7532
                  /rew/tracking_ang_vel: 7.8164
                       /rew/action_rate: -8.1407
                         /rew/lin_vel_z: -1.5444
                       /rew/base_height: -0.5925
--------------------------------------------------------------------------------
                         Iteration time: 1.02s
                           Time elapsed: 0:03:29
                                    ETA: 0:05:17

################################################################################
                           Learning iteration 199/500                            

                            Total steps: 19660800 
                       Steps per second: 96859 
                        Collection time: 0.481s 
                          Learning time: 0.533s 
                        Mean value loss: 5.8973
                    Mean surrogate loss: -0.0086
                      Mean entropy loss: 16.3277
                            Mean reward: 647.34
                    Mean episode length: 974.53
                        Mean action std: 0.95
                /rew/similar_to_default: -7.7120
                  /rew/tracking_lin_vel: 44.8208
                  /rew/tracking_ang_vel: 8.0572
                       /rew/action_rate: -7.4887
                         /rew/lin_vel_z: -0.9906
                       /rew/base_height: -0.8454
--------------------------------------------------------------------------------
                         Iteration time: 1.01s
                           Time elapsed: 0:03:30
                                    ETA: 0:05:16

################################################################################
                           Learning iteration 200/500                            

                            Total steps: 19759104 
                       Steps per second: 96111 
                        Collection time: 0.490s 
                          Learning time: 0.533s 
                        Mean value loss: 6.2582
                    Mean surrogate loss: -0.0079
                      Mean entropy loss: 16.3185
                            Mean reward: 636.75
                    Mean episode length: 957.78
                        Mean action std: 0.94
                /rew/similar_to_default: -8.9947
                  /rew/tracking_lin_vel: 44.9450
                  /rew/tracking_ang_vel: 8.2315
                       /rew/action_rate: -7.8738
                         /rew/lin_vel_z: -1.2248
                       /rew/base_height: -0.6790
--------------------------------------------------------------------------------
                         Iteration time: 1.02s
                           Time elapsed: 0:03:31
                                    ETA: 0:05:14

################################################################################
                           Learning iteration 201/500                            

                            Total steps: 19857408 
                       Steps per second: 96652 
                        Collection time: 0.485s 
                          Learning time: 0.532s 
                        Mean value loss: 7.3846
                    Mean surrogate loss: -0.0077
                      Mean entropy loss: 16.2999
                            Mean reward: 651.88
                    Mean episode length: 978.22
                        Mean action std: 0.94
                /rew/similar_to_default: -9.1728
                  /rew/tracking_lin_vel: 42.7285
                  /rew/tracking_ang_vel: 7.7771
                       /rew/action_rate: -7.7867
                         /rew/lin_vel_z: -1.3526
                       /rew/base_height: -0.6325
--------------------------------------------------------------------------------
                         Iteration time: 1.02s
                           Time elapsed: 0:03:32
                                    ETA: 0:05:13

################################################################################
                           Learning iteration 202/500                            

                            Total steps: 19955712 
                       Steps per second: 96286 
                        Collection time: 0.488s 
                          Learning time: 0.533s 
                        Mean value loss: 5.8928
                    Mean surrogate loss: -0.0089
                      Mean entropy loss: 16.2797
                            Mean reward: 654.46
                    Mean episode length: 968.85
                        Mean action std: 0.94
                /rew/similar_to_default: -8.7537
                  /rew/tracking_lin_vel: 44.3713
                  /rew/tracking_ang_vel: 8.1824
                       /rew/action_rate: -7.7931
                         /rew/lin_vel_z: -1.2638
                       /rew/base_height: -0.6187
--------------------------------------------------------------------------------
                         Iteration time: 1.02s
                           Time elapsed: 0:03:33
                                    ETA: 0:05:12

################################################################################
                           Learning iteration 203/500                            

                            Total steps: 20054016 
                       Steps per second: 96102 
                        Collection time: 0.489s 
                          Learning time: 0.534s 
                        Mean value loss: 7.8712
                    Mean surrogate loss: -0.0077
                      Mean entropy loss: 16.2683
                            Mean reward: 631.98
                    Mean episode length: 946.70
                        Mean action std: 0.94
                /rew/similar_to_default: -8.6021
                  /rew/tracking_lin_vel: 44.5470
                  /rew/tracking_ang_vel: 8.0593
                       /rew/action_rate: -7.7658
                         /rew/lin_vel_z: -1.1522
                       /rew/base_height: -0.7091
--------------------------------------------------------------------------------
                         Iteration time: 1.02s
                           Time elapsed: 0:03:34
                                    ETA: 0:05:11

################################################################################
                           Learning iteration 204/500                            

                            Total steps: 20152320 
                       Steps per second: 96264 
                        Collection time: 0.488s 
                          Learning time: 0.533s 
                        Mean value loss: 5.4934
                    Mean surrogate loss: -0.0083
                      Mean entropy loss: 16.2643
                            Mean reward: 645.65
                    Mean episode length: 959.47
                        Mean action std: 0.94
                /rew/similar_to_default: -7.8700
                  /rew/tracking_lin_vel: 45.1768
                  /rew/tracking_ang_vel: 8.2510
                       /rew/action_rate: -7.5685
                         /rew/lin_vel_z: -1.0322
                       /rew/base_height: -0.7799
--------------------------------------------------------------------------------
                         Iteration time: 1.02s
                           Time elapsed: 0:03:35
                                    ETA: 0:05:10

################################################################################
                           Learning iteration 205/500                            

                            Total steps: 20250624 
                       Steps per second: 96442 
                        Collection time: 0.486s 
                          Learning time: 0.533s 
                        Mean value loss: 5.2872
                    Mean surrogate loss: -0.0082
                      Mean entropy loss: 16.2359
                            Mean reward: 666.28
                    Mean episode length: 996.15
                        Mean action std: 0.94
                /rew/similar_to_default: -8.6035
                  /rew/tracking_lin_vel: 44.3119
                  /rew/tracking_ang_vel: 8.2055
                       /rew/action_rate: -7.8467
                         /rew/lin_vel_z: -1.2939
                       /rew/base_height: -0.7150
--------------------------------------------------------------------------------
                         Iteration time: 1.02s
                           Time elapsed: 0:03:36
                                    ETA: 0:05:09

################################################################################
                           Learning iteration 206/500                            

                            Total steps: 20348928 
                       Steps per second: 95996 
                        Collection time: 0.491s 
                          Learning time: 0.534s 
                        Mean value loss: 6.2890
                    Mean surrogate loss: -0.0082
                      Mean entropy loss: 16.2127
                            Mean reward: 657.77
                    Mean episode length: 969.72
                        Mean action std: 0.94
                /rew/similar_to_default: -8.5465
                  /rew/tracking_lin_vel: 44.7124
                  /rew/tracking_ang_vel: 8.2935
                       /rew/action_rate: -7.8062
                         /rew/lin_vel_z: -1.2066
                       /rew/base_height: -0.6740
--------------------------------------------------------------------------------
                         Iteration time: 1.02s
                           Time elapsed: 0:03:37
                                    ETA: 0:05:08

################################################################################
                           Learning iteration 207/500                            

                            Total steps: 20447232 
                       Steps per second: 95843 
                        Collection time: 0.489s 
                          Learning time: 0.536s 
                        Mean value loss: 5.7176
                    Mean surrogate loss: -0.0081
                      Mean entropy loss: 16.2059
                            Mean reward: 652.46
                    Mean episode length: 972.11
                        Mean action std: 0.94
                /rew/similar_to_default: -9.6563
                  /rew/tracking_lin_vel: 44.4303
                  /rew/tracking_ang_vel: 8.0932
                       /rew/action_rate: -8.1122
                         /rew/lin_vel_z: -1.4384
                       /rew/base_height: -0.5763
--------------------------------------------------------------------------------
                         Iteration time: 1.03s
                           Time elapsed: 0:03:38
                                    ETA: 0:05:07

################################################################################
                           Learning iteration 208/500                            

                            Total steps: 20545536 
                       Steps per second: 96134 
                        Collection time: 0.487s 
                          Learning time: 0.536s 
                        Mean value loss: 5.8029
                    Mean surrogate loss: -0.0082
                      Mean entropy loss: 16.2022
                            Mean reward: 664.40
                    Mean episode length: 987.84
                        Mean action std: 0.94
                /rew/similar_to_default: -8.6824
                  /rew/tracking_lin_vel: 41.3355
                  /rew/tracking_ang_vel: 7.6597
                       /rew/action_rate: -7.5242
                         /rew/lin_vel_z: -1.3631
                       /rew/base_height: -0.5957
--------------------------------------------------------------------------------
                         Iteration time: 1.02s
                           Time elapsed: 0:03:39
                                    ETA: 0:05:06

################################################################################
                           Learning iteration 209/500                            

                            Total steps: 20643840 
                       Steps per second: 95749 
                        Collection time: 0.491s 
                          Learning time: 0.536s 
                        Mean value loss: 7.0365
                    Mean surrogate loss: -0.0082
                      Mean entropy loss: 16.1981
                            Mean reward: 645.93
                    Mean episode length: 965.66
                        Mean action std: 0.93
                /rew/similar_to_default: -9.1928
                  /rew/tracking_lin_vel: 43.9186
                  /rew/tracking_ang_vel: 8.2406
                       /rew/action_rate: -8.0305
                         /rew/lin_vel_z: -1.3249
                       /rew/base_height: -0.6219
--------------------------------------------------------------------------------
                         Iteration time: 1.03s
                           Time elapsed: 0:03:40
                                    ETA: 0:05:05

################################################################################
                           Learning iteration 210/500                            

                            Total steps: 20742144 
                       Steps per second: 95764 
                        Collection time: 0.490s 
                          Learning time: 0.537s 
                        Mean value loss: 5.2312
                    Mean surrogate loss: -0.0082
                      Mean entropy loss: 16.1757
                            Mean reward: 674.50
                    Mean episode length: 986.55
                        Mean action std: 0.93
                /rew/similar_to_default: -7.1587
                  /rew/tracking_lin_vel: 44.5195
                  /rew/tracking_ang_vel: 8.3150
                       /rew/action_rate: -7.5330
                         /rew/lin_vel_z: -0.9479
                       /rew/base_height: -0.8052
--------------------------------------------------------------------------------
                         Iteration time: 1.03s
                           Time elapsed: 0:03:41
                                    ETA: 0:05:03

################################################################################
                           Learning iteration 211/500                            

                            Total steps: 20840448 
                       Steps per second: 95554 
                        Collection time: 0.491s 
                          Learning time: 0.538s 
                        Mean value loss: 5.5118
                    Mean surrogate loss: -0.0075
                      Mean entropy loss: 16.1521
                            Mean reward: 665.87
                    Mean episode length: 988.09
                        Mean action std: 0.93
                /rew/similar_to_default: -9.4181
                  /rew/tracking_lin_vel: 44.1467
                  /rew/tracking_ang_vel: 8.1181
                       /rew/action_rate: -8.0231
                         /rew/lin_vel_z: -1.3417
                       /rew/base_height: -0.5770
--------------------------------------------------------------------------------
                         Iteration time: 1.03s
                           Time elapsed: 0:03:42
                                    ETA: 0:05:02

################################################################################
                           Learning iteration 212/500                            

                            Total steps: 20938752 
                       Steps per second: 95918 
                        Collection time: 0.489s 
                          Learning time: 0.536s 
                        Mean value loss: 5.7449
                    Mean surrogate loss: -0.0081
                      Mean entropy loss: 16.1222
                            Mean reward: 669.09
                    Mean episode length: 986.50
                        Mean action std: 0.93
                /rew/similar_to_default: -9.4696
                  /rew/tracking_lin_vel: 44.2507
                  /rew/tracking_ang_vel: 8.0603
                       /rew/action_rate: -8.0051
                         /rew/lin_vel_z: -1.3180
                       /rew/base_height: -0.6203
--------------------------------------------------------------------------------
                         Iteration time: 1.02s
                           Time elapsed: 0:03:43
                                    ETA: 0:05:01

################################################################################
                           Learning iteration 213/500                            

                            Total steps: 21037056 
                       Steps per second: 96133 
                        Collection time: 0.487s 
                          Learning time: 0.535s 
                        Mean value loss: 5.3783
                    Mean surrogate loss: -0.0083
                      Mean entropy loss: 16.0995
                            Mean reward: 669.46
                    Mean episode length: 980.61
                        Mean action std: 0.93
                /rew/similar_to_default: -8.5124
                  /rew/tracking_lin_vel: 44.4322
                  /rew/tracking_ang_vel: 8.2213
                       /rew/action_rate: -7.7902
                         /rew/lin_vel_z: -1.2363
                       /rew/base_height: -0.5871
--------------------------------------------------------------------------------
                         Iteration time: 1.02s
                           Time elapsed: 0:03:45
                                    ETA: 0:05:00

################################################################################
                           Learning iteration 214/500                            

                            Total steps: 21135360 
                       Steps per second: 95927 
                        Collection time: 0.489s 
                          Learning time: 0.536s 
                        Mean value loss: 5.0014
                    Mean surrogate loss: -0.0082
                      Mean entropy loss: 16.0582
                            Mean reward: 674.41
                    Mean episode length: 984.44
                        Mean action std: 0.92
                /rew/similar_to_default: -9.5035
                  /rew/tracking_lin_vel: 44.1817
                  /rew/tracking_ang_vel: 8.2648
                       /rew/action_rate: -8.1693
                         /rew/lin_vel_z: -1.4987
                       /rew/base_height: -0.6210
--------------------------------------------------------------------------------
                         Iteration time: 1.02s
                           Time elapsed: 0:03:46
                                    ETA: 0:04:59

################################################################################
                           Learning iteration 215/500                            

                            Total steps: 21233664 
                       Steps per second: 95927 
                        Collection time: 0.489s 
                          Learning time: 0.535s 
                        Mean value loss: 5.6602
                    Mean surrogate loss: -0.0082
                      Mean entropy loss: 16.0293
                            Mean reward: 665.15
                    Mean episode length: 984.48
                        Mean action std: 0.92
                /rew/similar_to_default: -8.5145
                  /rew/tracking_lin_vel: 44.6535
                  /rew/tracking_ang_vel: 8.2581
                       /rew/action_rate: -7.6602
                         /rew/lin_vel_z: -1.2024
                       /rew/base_height: -0.6773
--------------------------------------------------------------------------------
                         Iteration time: 1.02s
                           Time elapsed: 0:03:47
                                    ETA: 0:04:58

################################################################################
                           Learning iteration 216/500                            

                            Total steps: 21331968 
                       Steps per second: 95772 
                        Collection time: 0.490s 
                          Learning time: 0.537s 
                        Mean value loss: 5.1740
                    Mean surrogate loss: -0.0082
                      Mean entropy loss: 16.0097
                            Mean reward: 667.43
                    Mean episode length: 976.56
                        Mean action std: 0.92
                /rew/similar_to_default: -9.3592
                  /rew/tracking_lin_vel: 43.4979
                  /rew/tracking_ang_vel: 8.2745
                       /rew/action_rate: -8.2114
                         /rew/lin_vel_z: -1.6467
                       /rew/base_height: -0.5546
--------------------------------------------------------------------------------
                         Iteration time: 1.03s
                           Time elapsed: 0:03:48
                                    ETA: 0:04:57

################################################################################
                           Learning iteration 217/500                            

                            Total steps: 21430272 
                       Steps per second: 95633 
                        Collection time: 0.490s 
                          Learning time: 0.538s 
                        Mean value loss: 5.2849
                    Mean surrogate loss: -0.0093
                      Mean entropy loss: 15.9832
                            Mean reward: 671.31
                    Mean episode length: 974.54
                        Mean action std: 0.92
                /rew/similar_to_default: -8.7004
                  /rew/tracking_lin_vel: 44.6946
                  /rew/tracking_ang_vel: 8.3079
                       /rew/action_rate: -7.7382
                         /rew/lin_vel_z: -1.1753
                       /rew/base_height: -0.6359
--------------------------------------------------------------------------------
                         Iteration time: 1.03s
                           Time elapsed: 0:03:49
                                    ETA: 0:04:56

################################################################################
                           Learning iteration 218/500                            

                            Total steps: 21528576 
                       Steps per second: 95616 
                        Collection time: 0.490s 
                          Learning time: 0.538s 
                        Mean value loss: 6.0371
                    Mean surrogate loss: -0.0084
                      Mean entropy loss: 15.9705
                            Mean reward: 669.28
                    Mean episode length: 972.97
                        Mean action std: 0.92
                /rew/similar_to_default: -8.9645
                  /rew/tracking_lin_vel: 44.8306
                  /rew/tracking_ang_vel: 8.2737
                       /rew/action_rate: -7.8881
                         /rew/lin_vel_z: -1.2847
                       /rew/base_height: -0.5868
--------------------------------------------------------------------------------
                         Iteration time: 1.03s
                           Time elapsed: 0:03:50
                                    ETA: 0:04:55

################################################################################
                           Learning iteration 219/500                            

                            Total steps: 21626880 
                       Steps per second: 96064 
                        Collection time: 0.488s 
                          Learning time: 0.535s 
                        Mean value loss: 6.3666
                    Mean surrogate loss: -0.0071
                      Mean entropy loss: 15.9772
                            Mean reward: 674.03
                    Mean episode length: 976.64
                        Mean action std: 0.92
                /rew/similar_to_default: -8.0160
                  /rew/tracking_lin_vel: 38.2391
                  /rew/tracking_ang_vel: 7.1557
                       /rew/action_rate: -6.9099
                         /rew/lin_vel_z: -1.1668
                       /rew/base_height: -0.4902
--------------------------------------------------------------------------------
                         Iteration time: 1.02s
                           Time elapsed: 0:03:51
                                    ETA: 0:04:54

################################################################################
                           Learning iteration 220/500                            

                            Total steps: 21725184 
                       Steps per second: 95918 
                        Collection time: 0.487s 
                          Learning time: 0.538s 
                        Mean value loss: 6.7154
                    Mean surrogate loss: -0.0072
                      Mean entropy loss: 15.9849
                            Mean reward: 673.24
                    Mean episode length: 970.59
                        Mean action std: 0.92
                /rew/similar_to_default: -8.8085
                  /rew/tracking_lin_vel: 44.9861
                  /rew/tracking_ang_vel: 8.3342
                       /rew/action_rate: -8.0242
                         /rew/lin_vel_z: -1.3297
                       /rew/base_height: -0.6405
--------------------------------------------------------------------------------
                         Iteration time: 1.02s
                           Time elapsed: 0:03:52
                                    ETA: 0:04:53

################################################################################
                           Learning iteration 221/500                            

                            Total steps: 21823488 
                       Steps per second: 95731 
                        Collection time: 0.490s 
                          Learning time: 0.537s 
                        Mean value loss: 5.9858
                    Mean surrogate loss: -0.0077
                      Mean entropy loss: 15.9807
                            Mean reward: 681.81
                    Mean episode length: 988.99
                        Mean action std: 0.92
                /rew/similar_to_default: -8.2339
                  /rew/tracking_lin_vel: 44.9879
                  /rew/tracking_ang_vel: 8.3392
                       /rew/action_rate: -7.6734
                         /rew/lin_vel_z: -1.1136
                       /rew/base_height: -0.6476
--------------------------------------------------------------------------------
                         Iteration time: 1.03s
                           Time elapsed: 0:03:53
                                    ETA: 0:04:52

################################################################################
                           Learning iteration 222/500                            

                            Total steps: 21921792 
                       Steps per second: 95721 
                        Collection time: 0.490s 
                          Learning time: 0.537s 
                        Mean value loss: 7.0323
                    Mean surrogate loss: -0.0072
                      Mean entropy loss: 15.9722
                            Mean reward: 662.06
                    Mean episode length: 956.53
                        Mean action std: 0.92
                /rew/similar_to_default: -8.3406
                  /rew/tracking_lin_vel: 42.8297
                  /rew/tracking_ang_vel: 7.8555
                       /rew/action_rate: -7.4427
                         /rew/lin_vel_z: -1.1921
                       /rew/base_height: -0.5766
--------------------------------------------------------------------------------
                         Iteration time: 1.03s
                           Time elapsed: 0:03:54
                                    ETA: 0:04:50

################################################################################
                           Learning iteration 223/500                            

                            Total steps: 22020096 
                       Steps per second: 95506 
                        Collection time: 0.490s 
                          Learning time: 0.539s 
                        Mean value loss: 5.2493
                    Mean surrogate loss: -0.0077
                      Mean entropy loss: 15.9597
                            Mean reward: 668.91
                    Mean episode length: 978.58
                        Mean action std: 0.92
                /rew/similar_to_default: -8.7947
                  /rew/tracking_lin_vel: 44.7087
                  /rew/tracking_ang_vel: 8.3219
                       /rew/action_rate: -7.7768
                         /rew/lin_vel_z: -1.1627
                       /rew/base_height: -0.6140
--------------------------------------------------------------------------------
                         Iteration time: 1.03s
                           Time elapsed: 0:03:55
                                    ETA: 0:04:49

################################################################################
                           Learning iteration 224/500                            

                            Total steps: 22118400 
                       Steps per second: 95995 
                        Collection time: 0.488s 
                          Learning time: 0.536s 
                        Mean value loss: 4.9905
                    Mean surrogate loss: -0.0089
                      Mean entropy loss: 15.9275
                            Mean reward: 692.30
                    Mean episode length: 994.10
                        Mean action std: 0.91
                /rew/similar_to_default: -8.4040
                  /rew/tracking_lin_vel: 44.9647
                  /rew/tracking_ang_vel: 8.3246
                       /rew/action_rate: -7.7122
                         /rew/lin_vel_z: -1.1382
                       /rew/base_height: -0.6693
--------------------------------------------------------------------------------
                         Iteration time: 1.02s
                           Time elapsed: 0:03:56
                                    ETA: 0:04:48

################################################################################
                           Learning iteration 225/500                            

                            Total steps: 22216704 
                       Steps per second: 96038 
                        Collection time: 0.488s 
                          Learning time: 0.536s 
                        Mean value loss: 5.9125
                    Mean surrogate loss: -0.0078
                      Mean entropy loss: 15.9021
                            Mean reward: 659.63
                    Mean episode length: 955.34
                        Mean action std: 0.91
                /rew/similar_to_default: -9.2956
                  /rew/tracking_lin_vel: 44.0358
                  /rew/tracking_ang_vel: 8.1976
                       /rew/action_rate: -8.1270
                         /rew/lin_vel_z: -1.4973
                       /rew/base_height: -0.5780
--------------------------------------------------------------------------------
                         Iteration time: 1.02s
                           Time elapsed: 0:03:57
                                    ETA: 0:04:47

################################################################################
                           Learning iteration 226/500                            

                            Total steps: 22315008 
                       Steps per second: 96004 
                        Collection time: 0.490s 
                          Learning time: 0.534s 
                        Mean value loss: 6.2051
                    Mean surrogate loss: -0.0082
                      Mean entropy loss: 15.8860
                            Mean reward: 692.27
                    Mean episode length: 988.32
                        Mean action std: 0.91
                /rew/similar_to_default: -8.3889
                  /rew/tracking_lin_vel: 45.4035
                  /rew/tracking_ang_vel: 8.3344
                       /rew/action_rate: -7.5880
                         /rew/lin_vel_z: -1.0980
                       /rew/base_height: -0.6263
--------------------------------------------------------------------------------
                         Iteration time: 1.02s
                           Time elapsed: 0:03:58
                                    ETA: 0:04:46

################################################################################
                           Learning iteration 227/500                            

                            Total steps: 22413312 
                       Steps per second: 95966 
                        Collection time: 0.489s 
                          Learning time: 0.536s 
                        Mean value loss: 5.7986
                    Mean surrogate loss: -0.0084
                      Mean entropy loss: 15.8797
                            Mean reward: 665.12
                    Mean episode length: 960.96
                        Mean action std: 0.91
                /rew/similar_to_default: -6.0550
                  /rew/tracking_lin_vel: 32.9866
                  /rew/tracking_ang_vel: 6.0686
                       /rew/action_rate: -5.5970
                         /rew/lin_vel_z: -0.9262
                       /rew/base_height: -0.5119
--------------------------------------------------------------------------------
                         Iteration time: 1.02s
                           Time elapsed: 0:03:59
                                    ETA: 0:04:45

################################################################################
                           Learning iteration 228/500                            

                            Total steps: 22511616 
                       Steps per second: 95864 
                        Collection time: 0.490s 
                          Learning time: 0.536s 
                        Mean value loss: 6.2571
                    Mean surrogate loss: -0.0080
                      Mean entropy loss: 15.8754
                            Mean reward: 690.81
                    Mean episode length: 984.31
                        Mean action std: 0.91
                /rew/similar_to_default: -8.8046
                  /rew/tracking_lin_vel: 44.5236
                  /rew/tracking_ang_vel: 8.2619
                       /rew/action_rate: -7.8249
                         /rew/lin_vel_z: -1.2924
                       /rew/base_height: -0.5366
--------------------------------------------------------------------------------
                         Iteration time: 1.03s
                           Time elapsed: 0:04:00
                                    ETA: 0:04:44

################################################################################
                           Learning iteration 229/500                            

                            Total steps: 22609920 
                       Steps per second: 96437 
                        Collection time: 0.483s 
                          Learning time: 0.536s 
                        Mean value loss: 7.0123
                    Mean surrogate loss: -0.0083
                      Mean entropy loss: 15.8814
                            Mean reward: 666.78
                    Mean episode length: 964.89
                        Mean action std: 0.91
                /rew/similar_to_default: -7.5311
                  /rew/tracking_lin_vel: 43.1383
                  /rew/tracking_ang_vel: 7.9254
                       /rew/action_rate: -7.1385
                         /rew/lin_vel_z: -0.9691
                       /rew/base_height: -0.6616
--------------------------------------------------------------------------------
                         Iteration time: 1.02s
                           Time elapsed: 0:04:01
                                    ETA: 0:04:43

################################################################################
                           Learning iteration 230/500                            

                            Total steps: 22708224 
                       Steps per second: 96576 
                        Collection time: 0.484s 
                          Learning time: 0.533s 
                        Mean value loss: 6.5448
                    Mean surrogate loss: -0.0078
                      Mean entropy loss: 15.8800
                            Mean reward: 666.98
                    Mean episode length: 959.50
                        Mean action std: 0.91
                /rew/similar_to_default: -9.4881
                  /rew/tracking_lin_vel: 44.5914
                  /rew/tracking_ang_vel: 8.2096
                       /rew/action_rate: -7.9380
                         /rew/lin_vel_z: -1.4882
                       /rew/base_height: -0.3719
--------------------------------------------------------------------------------
                         Iteration time: 1.02s
                           Time elapsed: 0:04:02
                                    ETA: 0:04:42

################################################################################
                           Learning iteration 231/500                            

                            Total steps: 22806528 
                       Steps per second: 96009 
                        Collection time: 0.488s 
                          Learning time: 0.536s 
                        Mean value loss: 5.7035
                    Mean surrogate loss: -0.0086
                      Mean entropy loss: 15.8663
                            Mean reward: 680.66
                    Mean episode length: 972.51
                        Mean action std: 0.91
                /rew/similar_to_default: -8.6882
                  /rew/tracking_lin_vel: 44.6558
                  /rew/tracking_ang_vel: 8.2707
                       /rew/action_rate: -7.7759
                         /rew/lin_vel_z: -1.2568
                       /rew/base_height: -0.5855
--------------------------------------------------------------------------------
                         Iteration time: 1.02s
                           Time elapsed: 0:04:03
                                    ETA: 0:04:41

################################################################################
                           Learning iteration 232/500                            

                            Total steps: 22904832 
                       Steps per second: 95982 
                        Collection time: 0.488s 
                          Learning time: 0.536s 
                        Mean value loss: 5.4704
                    Mean surrogate loss: -0.0082
                      Mean entropy loss: 15.8563
                            Mean reward: 689.87
                    Mean episode length: 982.22
                        Mean action std: 0.91
                /rew/similar_to_default: -9.6404
                  /rew/tracking_lin_vel: 43.3452
                  /rew/tracking_ang_vel: 8.1784
                       /rew/action_rate: -8.0005
                         /rew/lin_vel_z: -1.4407
                       /rew/base_height: -0.4638
--------------------------------------------------------------------------------
                         Iteration time: 1.02s
                           Time elapsed: 0:04:04
                                    ETA: 0:04:40

################################################################################
                           Learning iteration 233/500                            

                            Total steps: 23003136 
                       Steps per second: 96036 
                        Collection time: 0.487s 
                          Learning time: 0.536s 
                        Mean value loss: 6.3898
                    Mean surrogate loss: -0.0083
                      Mean entropy loss: 15.8609
                            Mean reward: 663.92
                    Mean episode length: 949.81
                        Mean action std: 0.91
                /rew/similar_to_default: -8.4487
                  /rew/tracking_lin_vel: 44.8828
                  /rew/tracking_ang_vel: 8.3881
                       /rew/action_rate: -7.6458
                         /rew/lin_vel_z: -1.1847
                       /rew/base_height: -0.6818
--------------------------------------------------------------------------------
                         Iteration time: 1.02s
                           Time elapsed: 0:04:05
                                    ETA: 0:04:39

################################################################################
                           Learning iteration 234/500                            

                            Total steps: 23101440 
                       Steps per second: 95736 
                        Collection time: 0.490s 
                          Learning time: 0.537s 
                        Mean value loss: 5.8736
                    Mean surrogate loss: -0.0077
                      Mean entropy loss: 15.8572
                            Mean reward: 692.10
                    Mean episode length: 984.26
                        Mean action std: 0.91
                /rew/similar_to_default: -8.8221
                  /rew/tracking_lin_vel: 42.0223
                  /rew/tracking_ang_vel: 7.9114
                       /rew/action_rate: -7.4024
                         /rew/lin_vel_z: -1.2377
                       /rew/base_height: -0.5773
--------------------------------------------------------------------------------
                         Iteration time: 1.03s
                           Time elapsed: 0:04:06
                                    ETA: 0:04:38

################################################################################
                           Learning iteration 235/500                            

                            Total steps: 23199744 
                       Steps per second: 96025 
                        Collection time: 0.487s 
                          Learning time: 0.536s 
                        Mean value loss: 6.1200
                    Mean surrogate loss: -0.0085
                      Mean entropy loss: 15.8333
                            Mean reward: 680.81
                    Mean episode length: 969.77
                        Mean action std: 0.91
                /rew/similar_to_default: -9.0327
                  /rew/tracking_lin_vel: 44.9082
                  /rew/tracking_ang_vel: 8.3960
                       /rew/action_rate: -7.5607
                         /rew/lin_vel_z: -1.1638
                       /rew/base_height: -0.5316
--------------------------------------------------------------------------------
                         Iteration time: 1.02s
                           Time elapsed: 0:04:07
                                    ETA: 0:04:36

################################################################################
                           Learning iteration 236/500                            

                            Total steps: 23298048 
                       Steps per second: 96032 
                        Collection time: 0.487s 
                          Learning time: 0.537s 
                        Mean value loss: 6.2044
                    Mean surrogate loss: -0.0078
                      Mean entropy loss: 15.8284
                            Mean reward: 692.91
                    Mean episode length: 981.76
                        Mean action std: 0.91
                /rew/similar_to_default: -8.9846
                  /rew/tracking_lin_vel: 44.3596
                  /rew/tracking_ang_vel: 8.3007
                       /rew/action_rate: -7.7572
                         /rew/lin_vel_z: -1.1912
                       /rew/base_height: -0.6546
--------------------------------------------------------------------------------
                         Iteration time: 1.02s
                           Time elapsed: 0:04:08
                                    ETA: 0:04:35

################################################################################
                           Learning iteration 237/500                            

                            Total steps: 23396352 
                       Steps per second: 96011 
                        Collection time: 0.489s 
                          Learning time: 0.535s 
                        Mean value loss: 5.5612
                    Mean surrogate loss: -0.0078
                      Mean entropy loss: 15.8347
                            Mean reward: 689.16
                    Mean episode length: 980.18
                        Mean action std: 0.91
                /rew/similar_to_default: -9.0919
                  /rew/tracking_lin_vel: 45.0442
                  /rew/tracking_ang_vel: 8.4252
                       /rew/action_rate: -7.8121
                         /rew/lin_vel_z: -1.2225
                       /rew/base_height: -0.5589
--------------------------------------------------------------------------------
                         Iteration time: 1.02s
                           Time elapsed: 0:04:09
                                    ETA: 0:04:34

################################################################################
                           Learning iteration 238/500                            

                            Total steps: 23494656 
                       Steps per second: 95229 
                        Collection time: 0.487s 
                          Learning time: 0.545s 
                        Mean value loss: 5.3868
                    Mean surrogate loss: -0.0068
                      Mean entropy loss: 15.8214
                            Mean reward: 692.54
                    Mean episode length: 986.20
                        Mean action std: 0.91
                /rew/similar_to_default: -8.2799
                  /rew/tracking_lin_vel: 45.2101
                  /rew/tracking_ang_vel: 8.3661
                       /rew/action_rate: -7.6247
                         /rew/lin_vel_z: -1.1251
                       /rew/base_height: -0.6042
--------------------------------------------------------------------------------
                         Iteration time: 1.03s
                           Time elapsed: 0:04:10
                                    ETA: 0:04:33

################################################################################
                           Learning iteration 239/500                            

                            Total steps: 23592960 
                       Steps per second: 95983 
                        Collection time: 0.487s 
                          Learning time: 0.537s 
                        Mean value loss: 5.8315
                    Mean surrogate loss: -0.0078
                      Mean entropy loss: 15.8042
                            Mean reward: 686.08
                    Mean episode length: 962.79
                        Mean action std: 0.90
                /rew/similar_to_default: -8.9992
                  /rew/tracking_lin_vel: 44.6822
                  /rew/tracking_ang_vel: 8.3090
                       /rew/action_rate: -7.7735
                         /rew/lin_vel_z: -1.2957
                       /rew/base_height: -0.6156
--------------------------------------------------------------------------------
                         Iteration time: 1.02s
                           Time elapsed: 0:04:11
                                    ETA: 0:04:32

################################################################################
                           Learning iteration 240/500                            

                            Total steps: 23691264 
                       Steps per second: 96455 
                        Collection time: 0.483s 
                          Learning time: 0.536s 
                        Mean value loss: 7.4094
                    Mean surrogate loss: -0.0085
                      Mean entropy loss: 15.7977
                            Mean reward: 670.09
                    Mean episode length: 958.29
                        Mean action std: 0.90
                /rew/similar_to_default: -8.5423
                  /rew/tracking_lin_vel: 44.9485
                  /rew/tracking_ang_vel: 8.3813
                       /rew/action_rate: -7.5897
                         /rew/lin_vel_z: -1.2117
                       /rew/base_height: -0.6196
--------------------------------------------------------------------------------
                         Iteration time: 1.02s
                           Time elapsed: 0:04:12
                                    ETA: 0:04:31

################################################################################
                           Learning iteration 241/500                            

                            Total steps: 23789568 
                       Steps per second: 96017 
                        Collection time: 0.486s 
                          Learning time: 0.538s 
                        Mean value loss: 5.9369
                    Mean surrogate loss: -0.0075
                      Mean entropy loss: 15.7726
                            Mean reward: 665.84
                    Mean episode length: 941.83
                        Mean action std: 0.90
                /rew/similar_to_default: -8.8939
                  /rew/tracking_lin_vel: 44.6726
                  /rew/tracking_ang_vel: 8.3177
                       /rew/action_rate: -7.7645
                         /rew/lin_vel_z: -1.3067
                       /rew/base_height: -0.5916
--------------------------------------------------------------------------------
                         Iteration time: 1.02s
                           Time elapsed: 0:04:13
                                    ETA: 0:04:30

################################################################################
                           Learning iteration 242/500                            

                            Total steps: 23887872 
                       Steps per second: 95792 
                        Collection time: 0.491s 
                          Learning time: 0.535s 
                        Mean value loss: 6.1916
                    Mean surrogate loss: -0.0071
                      Mean entropy loss: 15.7570
                            Mean reward: 690.14
                    Mean episode length: 971.90
                        Mean action std: 0.90
                /rew/similar_to_default: -7.9100
                  /rew/tracking_lin_vel: 45.2094
                  /rew/tracking_ang_vel: 8.4138
                       /rew/action_rate: -7.5858
                         /rew/lin_vel_z: -1.0860
                       /rew/base_height: -0.6344
--------------------------------------------------------------------------------
                         Iteration time: 1.03s
                           Time elapsed: 0:04:14
                                    ETA: 0:04:29

################################################################################
                           Learning iteration 243/500                            

                            Total steps: 23986176 
                       Steps per second: 95898 
                        Collection time: 0.486s 
                          Learning time: 0.539s 
                        Mean value loss: 5.0517
                    Mean surrogate loss: -0.0081
                      Mean entropy loss: 15.7556
                            Mean reward: 705.97
                    Mean episode length: 986.43
                        Mean action std: 0.90
                /rew/similar_to_default: -7.8352
                  /rew/tracking_lin_vel: 45.3960
                  /rew/tracking_ang_vel: 8.4579
                       /rew/action_rate: -7.3860
                         /rew/lin_vel_z: -1.0335
                       /rew/base_height: -0.6568
--------------------------------------------------------------------------------
                         Iteration time: 1.03s
                           Time elapsed: 0:04:15
                                    ETA: 0:04:28

################################################################################
                           Learning iteration 244/500                            

                            Total steps: 24084480 
                       Steps per second: 96023 
                        Collection time: 0.486s 
                          Learning time: 0.537s 
                        Mean value loss: 5.4063
                    Mean surrogate loss: -0.0076
                      Mean entropy loss: 15.7582
                            Mean reward: 708.86
                    Mean episode length: 990.87
                        Mean action std: 0.90
                /rew/similar_to_default: -8.5053
                  /rew/tracking_lin_vel: 44.8703
                  /rew/tracking_ang_vel: 8.4008
                       /rew/action_rate: -7.5102
                         /rew/lin_vel_z: -1.1289
                       /rew/base_height: -0.5975
--------------------------------------------------------------------------------
                         Iteration time: 1.02s
                           Time elapsed: 0:04:16
                                    ETA: 0:04:27

################################################################################
                           Learning iteration 245/500                            

                            Total steps: 24182784 
                       Steps per second: 96298 
                        Collection time: 0.485s 
                          Learning time: 0.536s 
                        Mean value loss: 5.5213
                    Mean surrogate loss: -0.0085
                      Mean entropy loss: 15.7562
                            Mean reward: 704.82
                    Mean episode length: 982.76
                        Mean action std: 0.90
                /rew/similar_to_default: -7.5371
                  /rew/tracking_lin_vel: 41.9648
                  /rew/tracking_ang_vel: 7.9424
                       /rew/action_rate: -7.0458
                         /rew/lin_vel_z: -1.1459
                       /rew/base_height: -0.6501
--------------------------------------------------------------------------------
                         Iteration time: 1.02s
                           Time elapsed: 0:04:17
                                    ETA: 0:04:26

################################################################################
                           Learning iteration 246/500                            

                            Total steps: 24281088 
                       Steps per second: 95919 
                        Collection time: 0.489s 
                          Learning time: 0.536s 
                        Mean value loss: 5.4870
                    Mean surrogate loss: -0.0084
                      Mean entropy loss: 15.7485
                            Mean reward: 688.73
                    Mean episode length: 976.36
                        Mean action std: 0.90
                /rew/similar_to_default: -9.9751
                  /rew/tracking_lin_vel: 43.6524
                  /rew/tracking_ang_vel: 8.1143
                       /rew/action_rate: -7.9830
                         /rew/lin_vel_z: -1.4618
                       /rew/base_height: -0.6376
--------------------------------------------------------------------------------
                         Iteration time: 1.02s
                           Time elapsed: 0:04:18
                                    ETA: 0:04:25

################################################################################
                           Learning iteration 247/500                            

                            Total steps: 24379392 
                       Steps per second: 95857 
                        Collection time: 0.489s 
                          Learning time: 0.536s 
                        Mean value loss: 5.4037
                    Mean surrogate loss: -0.0085
                      Mean entropy loss: 15.7523
                            Mean reward: 703.60
                    Mean episode length: 988.22
                        Mean action std: 0.90
                /rew/similar_to_default: -9.3034
                  /rew/tracking_lin_vel: 44.7079
                  /rew/tracking_ang_vel: 8.5318
                       /rew/action_rate: -7.8493
                         /rew/lin_vel_z: -1.2610
                       /rew/base_height: -0.6396
--------------------------------------------------------------------------------
                         Iteration time: 1.03s
                           Time elapsed: 0:04:19
                                    ETA: 0:04:24

################################################################################
                           Learning iteration 248/500                            

                            Total steps: 24477696 
                       Steps per second: 96151 
                        Collection time: 0.486s 
                          Learning time: 0.536s 
                        Mean value loss: 4.8637
                    Mean surrogate loss: -0.0080
                      Mean entropy loss: 15.7450
                            Mean reward: 703.38
                    Mean episode length: 988.45
                        Mean action std: 0.90
                /rew/similar_to_default: -8.4329
                  /rew/tracking_lin_vel: 45.8423
                  /rew/tracking_ang_vel: 8.4528
                       /rew/action_rate: -7.4567
                         /rew/lin_vel_z: -1.1033
                       /rew/base_height: -0.6409
--------------------------------------------------------------------------------
                         Iteration time: 1.02s
                           Time elapsed: 0:04:20
                                    ETA: 0:04:22

################################################################################
                           Learning iteration 249/500                            

                            Total steps: 24576000 
                       Steps per second: 95967 
                        Collection time: 0.489s 
                          Learning time: 0.535s 
                        Mean value loss: 4.4622
                    Mean surrogate loss: -0.0078
                      Mean entropy loss: 15.7166
                            Mean reward: 715.29
                    Mean episode length: 1000.00
                        Mean action std: 0.90
                /rew/similar_to_default: -8.3380
                  /rew/tracking_lin_vel: 44.5172
                  /rew/tracking_ang_vel: 8.3926
                       /rew/action_rate: -7.4847
                         /rew/lin_vel_z: -1.1447
                       /rew/base_height: -0.6181
--------------------------------------------------------------------------------
                         Iteration time: 1.02s
                           Time elapsed: 0:04:21
                                    ETA: 0:04:21

################################################################################
                           Learning iteration 250/500                            

                            Total steps: 24674304 
                       Steps per second: 96515 
                        Collection time: 0.484s 
                          Learning time: 0.535s 
                        Mean value loss: 5.4339
                    Mean surrogate loss: -0.0072
                      Mean entropy loss: 15.6947
                            Mean reward: 689.20
                    Mean episode length: 968.43
                        Mean action std: 0.90
                /rew/similar_to_default: -8.0672
                  /rew/tracking_lin_vel: 45.3387
                  /rew/tracking_ang_vel: 8.3984
                       /rew/action_rate: -7.5027
                         /rew/lin_vel_z: -1.1572
                       /rew/base_height: -0.6647
--------------------------------------------------------------------------------
                         Iteration time: 1.02s
                           Time elapsed: 0:04:22
                                    ETA: 0:04:20

################################################################################
                           Learning iteration 251/500                            

                            Total steps: 24772608 
                       Steps per second: 96042 
                        Collection time: 0.487s 
                          Learning time: 0.536s 
                        Mean value loss: 4.6406
                    Mean surrogate loss: -0.0075
                      Mean entropy loss: 15.6786
                            Mean reward: 702.79
                    Mean episode length: 984.50
                        Mean action std: 0.89
                /rew/similar_to_default: -9.4110
                  /rew/tracking_lin_vel: 43.9300
                  /rew/tracking_ang_vel: 8.4261
                       /rew/action_rate: -7.7673
                         /rew/lin_vel_z: -1.3322
                       /rew/base_height: -0.5202
--------------------------------------------------------------------------------
                         Iteration time: 1.02s
                           Time elapsed: 0:04:23
                                    ETA: 0:04:19

################################################################################
                           Learning iteration 252/500                            

                            Total steps: 24870912 
                       Steps per second: 95916 
                        Collection time: 0.488s 
                          Learning time: 0.537s 
                        Mean value loss: 4.9699
                    Mean surrogate loss: -0.0077
                      Mean entropy loss: 15.6534
                            Mean reward: 715.38
                    Mean episode length: 990.29
                        Mean action std: 0.89
                /rew/similar_to_default: -6.9841
                  /rew/tracking_lin_vel: 46.5679
                  /rew/tracking_ang_vel: 8.6382
                       /rew/action_rate: -6.9847
                         /rew/lin_vel_z: -0.8381
                       /rew/base_height: -0.6239
--------------------------------------------------------------------------------
                         Iteration time: 1.02s
                           Time elapsed: 0:04:24
                                    ETA: 0:04:18

################################################################################
                           Learning iteration 253/500                            

                            Total steps: 24969216 
                       Steps per second: 95584 
                        Collection time: 0.489s 
                          Learning time: 0.539s 
                        Mean value loss: 5.5473
                    Mean surrogate loss: -0.0078
                      Mean entropy loss: 15.6326
                            Mean reward: 709.70
                    Mean episode length: 991.13
                        Mean action std: 0.89
                /rew/similar_to_default: -8.4958
                  /rew/tracking_lin_vel: 44.1348
                  /rew/tracking_ang_vel: 8.3915
                       /rew/action_rate: -7.5138
                         /rew/lin_vel_z: -1.2216
                       /rew/base_height: -0.6746
--------------------------------------------------------------------------------
                         Iteration time: 1.03s
                           Time elapsed: 0:04:26
                                    ETA: 0:04:17

################################################################################
                           Learning iteration 254/500                            

                            Total steps: 25067520 
                       Steps per second: 96235 
                        Collection time: 0.485s 
                          Learning time: 0.536s 
                        Mean value loss: 5.2512
                    Mean surrogate loss: -0.0078
                      Mean entropy loss: 15.6181
                            Mean reward: 707.41
                    Mean episode length: 985.08
                        Mean action std: 0.89
                /rew/similar_to_default: -8.0884
                  /rew/tracking_lin_vel: 45.4526
                  /rew/tracking_ang_vel: 8.4228
                       /rew/action_rate: -7.3592
                         /rew/lin_vel_z: -1.0732
                       /rew/base_height: -0.6200
--------------------------------------------------------------------------------
                         Iteration time: 1.02s
                           Time elapsed: 0:04:27
                                    ETA: 0:04:16

################################################################################
                           Learning iteration 255/500                            

                            Total steps: 25165824 
                       Steps per second: 96160 
                        Collection time: 0.486s 
                          Learning time: 0.537s 
                        Mean value loss: 4.7148
                    Mean surrogate loss: -0.0076
                      Mean entropy loss: 15.6120
                            Mean reward: 721.14
                    Mean episode length: 989.13
                        Mean action std: 0.89
                /rew/similar_to_default: -7.6247
                  /rew/tracking_lin_vel: 45.5521
                  /rew/tracking_ang_vel: 8.4132
                       /rew/action_rate: -7.1839
                         /rew/lin_vel_z: -0.9945
                       /rew/base_height: -0.6899
--------------------------------------------------------------------------------
                         Iteration time: 1.02s
                           Time elapsed: 0:04:28
                                    ETA: 0:04:15

################################################################################
                           Learning iteration 256/500                            

                            Total steps: 25264128 
                       Steps per second: 95740 
                        Collection time: 0.491s 
                          Learning time: 0.536s 
                        Mean value loss: 6.2205
                    Mean surrogate loss: -0.0077
                      Mean entropy loss: 15.6038
                            Mean reward: 711.76
                    Mean episode length: 990.66
                        Mean action std: 0.89
                /rew/similar_to_default: -8.4920
                  /rew/tracking_lin_vel: 44.8486
                  /rew/tracking_ang_vel: 8.3419
                       /rew/action_rate: -7.4916
                         /rew/lin_vel_z: -1.2042
                       /rew/base_height: -0.6366
--------------------------------------------------------------------------------
                         Iteration time: 1.03s
                           Time elapsed: 0:04:29
                                    ETA: 0:04:14

################################################################################
                           Learning iteration 257/500                            

                            Total steps: 25362432 
                       Steps per second: 95727 
                        Collection time: 0.489s 
                          Learning time: 0.538s 
                        Mean value loss: 4.4254
                    Mean surrogate loss: -0.0082
                      Mean entropy loss: 15.5884
                            Mean reward: 703.70
                    Mean episode length: 984.23
                        Mean action std: 0.89
                /rew/similar_to_default: -8.2154
                  /rew/tracking_lin_vel: 45.3990
                  /rew/tracking_ang_vel: 8.4889
                       /rew/action_rate: -7.3413
                         /rew/lin_vel_z: -1.0693
                       /rew/base_height: -0.5906
--------------------------------------------------------------------------------
                         Iteration time: 1.03s
                           Time elapsed: 0:04:30
                                    ETA: 0:04:13

################################################################################
                           Learning iteration 258/500                            

                            Total steps: 25460736 
                       Steps per second: 96067 
                        Collection time: 0.487s 
                          Learning time: 0.536s 
                        Mean value loss: 5.7394
                    Mean surrogate loss: -0.0074
                      Mean entropy loss: 15.5835
                            Mean reward: 705.39
                    Mean episode length: 971.80
                        Mean action std: 0.89
                /rew/similar_to_default: -8.0208
                  /rew/tracking_lin_vel: 45.3229
                  /rew/tracking_ang_vel: 8.4824
                       /rew/action_rate: -7.2399
                         /rew/lin_vel_z: -1.0910
                       /rew/base_height: -0.6455
--------------------------------------------------------------------------------
                         Iteration time: 1.02s
                           Time elapsed: 0:04:31
                                    ETA: 0:04:12

################################################################################
                           Learning iteration 259/500                            

                            Total steps: 25559040 
                       Steps per second: 96394 
                        Collection time: 0.485s 
                          Learning time: 0.535s 
                        Mean value loss: 6.1284
                    Mean surrogate loss: -0.0083
                      Mean entropy loss: 15.5829
                            Mean reward: 711.09
                    Mean episode length: 980.33
                        Mean action std: 0.89
                /rew/similar_to_default: -8.1881
                  /rew/tracking_lin_vel: 45.9466
                  /rew/tracking_ang_vel: 8.5257
                       /rew/action_rate: -7.2129
                         /rew/lin_vel_z: -1.0242
                       /rew/base_height: -0.7008
--------------------------------------------------------------------------------
                         Iteration time: 1.02s
                           Time elapsed: 0:04:32
                                    ETA: 0:04:11

################################################################################
                           Learning iteration 260/500                            

                            Total steps: 25657344 
                       Steps per second: 96075 
                        Collection time: 0.490s 
                          Learning time: 0.533s 
                        Mean value loss: 5.6859
                    Mean surrogate loss: -0.0072
                      Mean entropy loss: 15.5703
                            Mean reward: 706.38
                    Mean episode length: 976.87
                        Mean action std: 0.89
                /rew/similar_to_default: -7.4215
                  /rew/tracking_lin_vel: 45.7151
                  /rew/tracking_ang_vel: 8.4510
                       /rew/action_rate: -7.1226
                         /rew/lin_vel_z: -0.9122
                       /rew/base_height: -0.6958
--------------------------------------------------------------------------------
                         Iteration time: 1.02s
                           Time elapsed: 0:04:33
                                    ETA: 0:04:10

################################################################################
                           Learning iteration 261/500                            

                            Total steps: 25755648 
                       Steps per second: 96574 
                        Collection time: 0.484s 
                          Learning time: 0.534s 
                        Mean value loss: 5.3792
                    Mean surrogate loss: -0.0068
                      Mean entropy loss: 15.5561
                            Mean reward: 714.95
                    Mean episode length: 981.70
                        Mean action std: 0.89
                /rew/similar_to_default: -8.4831
                  /rew/tracking_lin_vel: 45.3775
                  /rew/tracking_ang_vel: 8.3694
                       /rew/action_rate: -7.4341
                         /rew/lin_vel_z: -1.1312
                       /rew/base_height: -0.5891
--------------------------------------------------------------------------------
                         Iteration time: 1.02s
                           Time elapsed: 0:04:34
                                    ETA: 0:04:09

################################################################################
                           Learning iteration 262/500                            

                            Total steps: 25853952 
                       Steps per second: 96597 
                        Collection time: 0.487s 
                          Learning time: 0.530s 
                        Mean value loss: 5.5396
                    Mean surrogate loss: -0.0079
                      Mean entropy loss: 15.5409
                            Mean reward: 713.78
                    Mean episode length: 990.00
                        Mean action std: 0.89
                /rew/similar_to_default: -7.9827
                  /rew/tracking_lin_vel: 45.7262
                  /rew/tracking_ang_vel: 8.4984
                       /rew/action_rate: -7.2778
                         /rew/lin_vel_z: -1.0893
                       /rew/base_height: -0.6643
--------------------------------------------------------------------------------
                         Iteration time: 1.02s
                           Time elapsed: 0:04:35
                                    ETA: 0:04:07

################################################################################
                           Learning iteration 263/500                            

                            Total steps: 25952256 
                       Steps per second: 96179 
                        Collection time: 0.490s 
                          Learning time: 0.533s 
                        Mean value loss: 5.3475
                    Mean surrogate loss: -0.0062
                      Mean entropy loss: 15.5404
                            Mean reward: 698.32
                    Mean episode length: 971.62
                        Mean action std: 0.88
                /rew/similar_to_default: -8.0437
                  /rew/tracking_lin_vel: 45.1595
                  /rew/tracking_ang_vel: 8.4561
                       /rew/action_rate: -7.0535
                         /rew/lin_vel_z: -1.0470
                       /rew/base_height: -0.5727
--------------------------------------------------------------------------------
                         Iteration time: 1.02s
                           Time elapsed: 0:04:36
                                    ETA: 0:04:06

################################################################################
                           Learning iteration 264/500                            

                            Total steps: 26050560 
                       Steps per second: 96508 
                        Collection time: 0.486s 
                          Learning time: 0.532s 
                        Mean value loss: 4.8028
                    Mean surrogate loss: -0.0085
                      Mean entropy loss: 15.5178
                            Mean reward: 703.22
                    Mean episode length: 971.31
                        Mean action std: 0.88
                /rew/similar_to_default: -7.1290
                  /rew/tracking_lin_vel: 39.9036
                  /rew/tracking_ang_vel: 7.4800
                       /rew/action_rate: -6.5876
                         /rew/lin_vel_z: -1.0084
                       /rew/base_height: -0.5622
--------------------------------------------------------------------------------
                         Iteration time: 1.02s
                           Time elapsed: 0:04:37
                                    ETA: 0:04:05

################################################################################
                           Learning iteration 265/500                            

                            Total steps: 26148864 
                       Steps per second: 96376 
                        Collection time: 0.487s 
                          Learning time: 0.533s 
                        Mean value loss: 6.9396
                    Mean surrogate loss: -0.0068
                      Mean entropy loss: 15.5011
                            Mean reward: 694.45
                    Mean episode length: 957.23
                        Mean action std: 0.88
                /rew/similar_to_default: -7.6203
                  /rew/tracking_lin_vel: 45.0308
                  /rew/tracking_ang_vel: 8.5942
                       /rew/action_rate: -7.0146
                         /rew/lin_vel_z: -0.9204
                       /rew/base_height: -0.6525
--------------------------------------------------------------------------------
                         Iteration time: 1.02s
                           Time elapsed: 0:04:38
                                    ETA: 0:04:04

################################################################################
                           Learning iteration 266/500                            

                            Total steps: 26247168 
                       Steps per second: 96265 
                        Collection time: 0.489s 
                          Learning time: 0.533s 
                        Mean value loss: 4.9269
                    Mean surrogate loss: -0.0090
                      Mean entropy loss: 15.4863
                            Mean reward: 708.38
                    Mean episode length: 972.76
                        Mean action std: 0.88
                /rew/similar_to_default: -8.9744
                  /rew/tracking_lin_vel: 45.4086
                  /rew/tracking_ang_vel: 8.2905
                       /rew/action_rate: -7.5777
                         /rew/lin_vel_z: -1.3179
                       /rew/base_height: -0.5721
--------------------------------------------------------------------------------
                         Iteration time: 1.02s
                           Time elapsed: 0:04:39
                                    ETA: 0:04:03

################################################################################
                           Learning iteration 267/500                            

                            Total steps: 26345472 
                       Steps per second: 96764 
                        Collection time: 0.483s 
                          Learning time: 0.532s 
                        Mean value loss: 4.6377
                    Mean surrogate loss: -0.0085
                      Mean entropy loss: 15.4531
                            Mean reward: 713.60
                    Mean episode length: 982.19
                        Mean action std: 0.88
                /rew/similar_to_default: -8.1182
                  /rew/tracking_lin_vel: 45.1872
                  /rew/tracking_ang_vel: 8.4271
                       /rew/action_rate: -7.2253
                         /rew/lin_vel_z: -1.1110
                       /rew/base_height: -0.6254
--------------------------------------------------------------------------------
                         Iteration time: 1.02s
                           Time elapsed: 0:04:40
                                    ETA: 0:04:02

################################################################################
                           Learning iteration 268/500                            

                            Total steps: 26443776 
                       Steps per second: 96453 
                        Collection time: 0.488s 
                          Learning time: 0.531s 
                        Mean value loss: 4.2884
                    Mean surrogate loss: -0.0087
                      Mean entropy loss: 15.4270
                            Mean reward: 731.02
                    Mean episode length: 994.06
                        Mean action std: 0.88
                /rew/similar_to_default: -9.3100
                  /rew/tracking_lin_vel: 44.9701
                  /rew/tracking_ang_vel: 8.4984
                       /rew/action_rate: -7.4318
                         /rew/lin_vel_z: -1.2102
                       /rew/base_height: -0.5258
--------------------------------------------------------------------------------
                         Iteration time: 1.02s
                           Time elapsed: 0:04:41
                                    ETA: 0:04:01

################################################################################
                           Learning iteration 269/500                            

                            Total steps: 26542080 
                       Steps per second: 96214 
                        Collection time: 0.489s 
                          Learning time: 0.533s 
                        Mean value loss: 5.6814
                    Mean surrogate loss: -0.0070
                      Mean entropy loss: 15.4109
                            Mean reward: 715.28
                    Mean episode length: 980.34
                        Mean action std: 0.87
                /rew/similar_to_default: -8.3979
                  /rew/tracking_lin_vel: 42.7776
                  /rew/tracking_ang_vel: 8.0726
                       /rew/action_rate: -7.3039
                         /rew/lin_vel_z: -1.1013
                       /rew/base_height: -0.4923
--------------------------------------------------------------------------------
                         Iteration time: 1.02s
                           Time elapsed: 0:04:42
                                    ETA: 0:04:00

################################################################################
                           Learning iteration 270/500                            

                            Total steps: 26640384 
                       Steps per second: 96385 
                        Collection time: 0.488s 
                          Learning time: 0.532s 
                        Mean value loss: 5.0460
                    Mean surrogate loss: -0.0082
                      Mean entropy loss: 15.3888
                            Mean reward: 705.38
                    Mean episode length: 969.66
                        Mean action std: 0.87
                /rew/similar_to_default: -6.8765
                  /rew/tracking_lin_vel: 38.2984
                  /rew/tracking_ang_vel: 7.1870
                       /rew/action_rate: -6.1813
                         /rew/lin_vel_z: -0.9965
                       /rew/base_height: -0.5545
--------------------------------------------------------------------------------
                         Iteration time: 1.02s
                           Time elapsed: 0:04:43
                                    ETA: 0:03:59

################################################################################
                           Learning iteration 271/500                            

                            Total steps: 26738688 
                       Steps per second: 96822 
                        Collection time: 0.483s 
                          Learning time: 0.532s 
                        Mean value loss: 4.6885
                    Mean surrogate loss: -0.0079
                      Mean entropy loss: 15.3807
                            Mean reward: 728.88
                    Mean episode length: 990.77
                        Mean action std: 0.87
                /rew/similar_to_default: -8.4971
                  /rew/tracking_lin_vel: 43.9717
                  /rew/tracking_ang_vel: 8.4090
                       /rew/action_rate: -7.5071
                         /rew/lin_vel_z: -1.1498
                       /rew/base_height: -0.4931
--------------------------------------------------------------------------------
                         Iteration time: 1.02s
                           Time elapsed: 0:04:44
                                    ETA: 0:03:58

################################################################################
                           Learning iteration 272/500                            

                            Total steps: 26836992 
                       Steps per second: 97153 
                        Collection time: 0.479s 
                          Learning time: 0.533s 
                        Mean value loss: 5.2677
                    Mean surrogate loss: -0.0067
                      Mean entropy loss: 15.3898
                            Mean reward: 718.73
                    Mean episode length: 984.96
                        Mean action std: 0.87
                /rew/similar_to_default: -8.6326
                  /rew/tracking_lin_vel: 44.6150
                  /rew/tracking_ang_vel: 8.4912
                       /rew/action_rate: -7.5724
                         /rew/lin_vel_z: -1.1777
                       /rew/base_height: -0.5031
--------------------------------------------------------------------------------
                         Iteration time: 1.01s
                           Time elapsed: 0:04:45
                                    ETA: 0:03:57

################################################################################
                           Learning iteration 273/500                            

                            Total steps: 26935296 
                       Steps per second: 96472 
                        Collection time: 0.487s 
                          Learning time: 0.532s 
                        Mean value loss: 5.8469
                    Mean surrogate loss: -0.0072
                      Mean entropy loss: 15.3870
                            Mean reward: 709.14
                    Mean episode length: 965.15
                        Mean action std: 0.87
                /rew/similar_to_default: -7.9921
                  /rew/tracking_lin_vel: 45.7931
                  /rew/tracking_ang_vel: 8.5825
                       /rew/action_rate: -7.2831
                         /rew/lin_vel_z: -1.0949
                       /rew/base_height: -0.6285
--------------------------------------------------------------------------------
                         Iteration time: 1.02s
                           Time elapsed: 0:04:46
                                    ETA: 0:03:56

################################################################################
                           Learning iteration 274/500                            

                            Total steps: 27033600 
                       Steps per second: 96450 
                        Collection time: 0.487s 
                          Learning time: 0.532s 
                        Mean value loss: 4.7920
                    Mean surrogate loss: -0.0071
                      Mean entropy loss: 15.3848
                            Mean reward: 721.20
                    Mean episode length: 979.42
                        Mean action std: 0.87
                /rew/similar_to_default: -7.2737
                  /rew/tracking_lin_vel: 45.2520
                  /rew/tracking_ang_vel: 8.4627
                       /rew/action_rate: -7.0930
                         /rew/lin_vel_z: -1.0153
                       /rew/base_height: -0.7302
--------------------------------------------------------------------------------
                         Iteration time: 1.02s
                           Time elapsed: 0:04:47
                                    ETA: 0:03:55

################################################################################
                           Learning iteration 275/500                            

                            Total steps: 27131904 
                       Steps per second: 96200 
                        Collection time: 0.489s 
                          Learning time: 0.533s 
                        Mean value loss: 6.4577
                    Mean surrogate loss: -0.0073
                      Mean entropy loss: 15.3865
                            Mean reward: 704.26
                    Mean episode length: 951.76
                        Mean action std: 0.87
                /rew/similar_to_default: -8.0798
                  /rew/tracking_lin_vel: 45.7499
                  /rew/tracking_ang_vel: 8.4917
                       /rew/action_rate: -7.0801
                         /rew/lin_vel_z: -1.0197
                       /rew/base_height: -0.6009
--------------------------------------------------------------------------------
                         Iteration time: 1.02s
                           Time elapsed: 0:04:48
                                    ETA: 0:03:54

################################################################################
                           Learning iteration 276/500                            

                            Total steps: 27230208 
                       Steps per second: 96377 
                        Collection time: 0.487s 
                          Learning time: 0.533s 
                        Mean value loss: 5.0368
                    Mean surrogate loss: -0.0084
                      Mean entropy loss: 15.3771
                            Mean reward: 727.61
                    Mean episode length: 993.56
                        Mean action std: 0.87
                /rew/similar_to_default: -7.6783
                  /rew/tracking_lin_vel: 45.6382
                  /rew/tracking_ang_vel: 8.5101
                       /rew/action_rate: -7.3306
                         /rew/lin_vel_z: -1.0959
                       /rew/base_height: -0.5676
--------------------------------------------------------------------------------
                         Iteration time: 1.02s
                           Time elapsed: 0:04:49
                                    ETA: 0:03:53

################################################################################
                           Learning iteration 277/500                            

                            Total steps: 27328512 
                       Steps per second: 96488 
                        Collection time: 0.488s 
                          Learning time: 0.531s 
                        Mean value loss: 5.6115
                    Mean surrogate loss: -0.0066
                      Mean entropy loss: 15.3713
                            Mean reward: 714.02
                    Mean episode length: 968.11
                        Mean action std: 0.87
                /rew/similar_to_default: -7.4864
                  /rew/tracking_lin_vel: 45.6473
                  /rew/tracking_ang_vel: 8.5859
                       /rew/action_rate: -7.0629
                         /rew/lin_vel_z: -0.9351
                       /rew/base_height: -0.6268
--------------------------------------------------------------------------------
                         Iteration time: 1.02s
                           Time elapsed: 0:04:50
                                    ETA: 0:03:51

################################################################################
                           Learning iteration 278/500                            

                            Total steps: 27426816 
                       Steps per second: 96470 
                        Collection time: 0.487s 
                          Learning time: 0.532s 
                        Mean value loss: 6.8446
                    Mean surrogate loss: -0.0075
                      Mean entropy loss: 15.3748
                            Mean reward: 710.59
                    Mean episode length: 959.33
                        Mean action std: 0.87
                /rew/similar_to_default: -5.8472
                  /rew/tracking_lin_vel: 36.6011
                  /rew/tracking_ang_vel: 6.7824
                       /rew/action_rate: -5.6932
                         /rew/lin_vel_z: -0.8013
                       /rew/base_height: -0.5329
--------------------------------------------------------------------------------
                         Iteration time: 1.02s
                           Time elapsed: 0:04:51
                                    ETA: 0:03:50

################################################################################
                           Learning iteration 279/500                            

                            Total steps: 27525120 
                       Steps per second: 96249 
                        Collection time: 0.488s 
                          Learning time: 0.534s 
                        Mean value loss: 5.6364
                    Mean surrogate loss: -0.0072
                      Mean entropy loss: 15.3570
                            Mean reward: 705.48
                    Mean episode length: 964.60
                        Mean action std: 0.87
                /rew/similar_to_default: -8.5372
                  /rew/tracking_lin_vel: 45.2146
                  /rew/tracking_ang_vel: 8.4458
                       /rew/action_rate: -7.3927
                         /rew/lin_vel_z: -1.1468
                       /rew/base_height: -0.5385
--------------------------------------------------------------------------------
                         Iteration time: 1.02s
                           Time elapsed: 0:04:52
                                    ETA: 0:03:49

################################################################################
                           Learning iteration 280/500                            

                            Total steps: 27623424 
                       Steps per second: 96278 
                        Collection time: 0.490s 
                          Learning time: 0.531s 
                        Mean value loss: 4.4013
                    Mean surrogate loss: -0.0084
                      Mean entropy loss: 15.3325
                            Mean reward: 708.17
                    Mean episode length: 968.36
                        Mean action std: 0.87
                /rew/similar_to_default: -7.8282
                  /rew/tracking_lin_vel: 45.1342
                  /rew/tracking_ang_vel: 8.5079
                       /rew/action_rate: -7.1823
                         /rew/lin_vel_z: -1.0811
                       /rew/base_height: -0.6293
--------------------------------------------------------------------------------
                         Iteration time: 1.02s
                           Time elapsed: 0:04:53
                                    ETA: 0:03:48

################################################################################
                           Learning iteration 281/500                            

                            Total steps: 27721728 
                       Steps per second: 96246 
                        Collection time: 0.488s 
                          Learning time: 0.533s 
                        Mean value loss: 5.6500
                    Mean surrogate loss: -0.0076
                      Mean entropy loss: 15.3346
                            Mean reward: 725.32
                    Mean episode length: 978.06
                        Mean action std: 0.87
                /rew/similar_to_default: -8.0463
                  /rew/tracking_lin_vel: 45.3672
                  /rew/tracking_ang_vel: 8.5359
                       /rew/action_rate: -7.0418
                         /rew/lin_vel_z: -1.0594
                       /rew/base_height: -0.6255
--------------------------------------------------------------------------------
                         Iteration time: 1.02s
                           Time elapsed: 0:04:54
                                    ETA: 0:03:47

################################################################################
                           Learning iteration 282/500                            

                            Total steps: 27820032 
                       Steps per second: 96855 
                        Collection time: 0.483s 
                          Learning time: 0.532s 
                        Mean value loss: 5.5553
                    Mean surrogate loss: -0.0073
                      Mean entropy loss: 15.3429
                            Mean reward: 726.32
                    Mean episode length: 981.06
                        Mean action std: 0.87
                /rew/similar_to_default: -7.4328
                  /rew/tracking_lin_vel: 42.7052
                  /rew/tracking_ang_vel: 8.0698
                       /rew/action_rate: -6.7391
                         /rew/lin_vel_z: -0.9759
                       /rew/base_height: -0.5985
--------------------------------------------------------------------------------
                         Iteration time: 1.01s
                           Time elapsed: 0:04:55
                                    ETA: 0:03:46

################################################################################
                           Learning iteration 283/500                            

                            Total steps: 27918336 
                       Steps per second: 96663 
                        Collection time: 0.483s 
                          Learning time: 0.534s 
                        Mean value loss: 4.2486
                    Mean surrogate loss: -0.0073
                      Mean entropy loss: 15.3429
                            Mean reward: 733.10
                    Mean episode length: 984.14
                        Mean action std: 0.87
                /rew/similar_to_default: -8.4529
                  /rew/tracking_lin_vel: 46.3836
                  /rew/tracking_ang_vel: 8.6860
                       /rew/action_rate: -7.7584
                         /rew/lin_vel_z: -1.1689
                       /rew/base_height: -0.4485
--------------------------------------------------------------------------------
                         Iteration time: 1.02s
                           Time elapsed: 0:04:56
                                    ETA: 0:03:45

################################################################################
                           Learning iteration 284/500                            

                            Total steps: 28016640 
                       Steps per second: 96108 
                        Collection time: 0.486s 
                          Learning time: 0.536s 
                        Mean value loss: 6.8733
                    Mean surrogate loss: -0.0071
                      Mean entropy loss: 15.3337
                            Mean reward: 697.97
                    Mean episode length: 949.75
                        Mean action std: 0.87
                /rew/similar_to_default: -8.4843
                  /rew/tracking_lin_vel: 44.9994
                  /rew/tracking_ang_vel: 8.5093
                       /rew/action_rate: -7.4441
                         /rew/lin_vel_z: -1.2283
                       /rew/base_height: -0.5452
--------------------------------------------------------------------------------
                         Iteration time: 1.02s
                           Time elapsed: 0:04:57
                                    ETA: 0:03:44

################################################################################
                           Learning iteration 285/500                            

                            Total steps: 28114944 
                       Steps per second: 96539 
                        Collection time: 0.480s 
                          Learning time: 0.538s 
                        Mean value loss: 6.8038
                    Mean surrogate loss: -0.0077
                      Mean entropy loss: 15.3414
                            Mean reward: 709.43
                    Mean episode length: 954.48
                        Mean action std: 0.87
                /rew/similar_to_default: -5.7056
                  /rew/tracking_lin_vel: 32.6619
                  /rew/tracking_ang_vel: 6.1692
                       /rew/action_rate: -5.1712
                         /rew/lin_vel_z: -0.7807
                       /rew/base_height: -0.4355
--------------------------------------------------------------------------------
                         Iteration time: 1.02s
                           Time elapsed: 0:04:58
                                    ETA: 0:03:43

################################################################################
                           Learning iteration 286/500                            

                            Total steps: 28213248 
                       Steps per second: 95986 
                        Collection time: 0.487s 
                          Learning time: 0.537s 
                        Mean value loss: 5.9519
                    Mean surrogate loss: -0.0063
                      Mean entropy loss: 15.3502
                            Mean reward: 728.23
                    Mean episode length: 973.12
                        Mean action std: 0.87
                /rew/similar_to_default: -6.2842
                  /rew/tracking_lin_vel: 37.5864
                  /rew/tracking_ang_vel: 6.9816
                       /rew/action_rate: -5.7269
                         /rew/lin_vel_z: -0.8549
                       /rew/base_height: -0.5819
--------------------------------------------------------------------------------
                         Iteration time: 1.02s
                           Time elapsed: 0:04:59
                                    ETA: 0:03:42

################################################################################
                           Learning iteration 287/500                            

                            Total steps: 28311552 
                       Steps per second: 96163 
                        Collection time: 0.485s 
                          Learning time: 0.537s 
                        Mean value loss: 6.1095
                    Mean surrogate loss: -0.0072
                      Mean entropy loss: 15.3538
                            Mean reward: 709.29
                    Mean episode length: 956.73
                        Mean action std: 0.87
                /rew/similar_to_default: -8.1960
                  /rew/tracking_lin_vel: 45.6290
                  /rew/tracking_ang_vel: 8.5834
                       /rew/action_rate: -6.8922
                         /rew/lin_vel_z: -1.0561
                       /rew/base_height: -0.5846
--------------------------------------------------------------------------------
                         Iteration time: 1.02s
                           Time elapsed: 0:05:00
                                    ETA: 0:03:41

################################################################################
                           Learning iteration 288/500                            

                            Total steps: 28409856 
                       Steps per second: 96444 
                        Collection time: 0.483s 
                          Learning time: 0.536s 
                        Mean value loss: 5.2457
                    Mean surrogate loss: -0.0075
                      Mean entropy loss: 15.3483
                            Mean reward: 708.25
                    Mean episode length: 960.13
                        Mean action std: 0.87
                /rew/similar_to_default: -7.6649
                  /rew/tracking_lin_vel: 45.5807
                  /rew/tracking_ang_vel: 8.5054
                       /rew/action_rate: -7.1057
                         /rew/lin_vel_z: -1.0113
                       /rew/base_height: -0.6418
--------------------------------------------------------------------------------
                         Iteration time: 1.02s
                           Time elapsed: 0:05:01
                                    ETA: 0:03:40

################################################################################
                           Learning iteration 289/500                            

                            Total steps: 28508160 
                       Steps per second: 95968 
                        Collection time: 0.487s 
                          Learning time: 0.537s 
                        Mean value loss: 6.8672
                    Mean surrogate loss: -0.0063
                      Mean entropy loss: 15.3490
                            Mean reward: 725.13
                    Mean episode length: 975.77
                        Mean action std: 0.87
                /rew/similar_to_default: -7.4896
                  /rew/tracking_lin_vel: 46.1449
                  /rew/tracking_ang_vel: 8.4791
                       /rew/action_rate: -7.0609
                         /rew/lin_vel_z: -1.0413
                       /rew/base_height: -0.6161
--------------------------------------------------------------------------------
                         Iteration time: 1.02s
                           Time elapsed: 0:05:02
                                    ETA: 0:03:39

################################################################################
                           Learning iteration 290/500                            

                            Total steps: 28606464 
                       Steps per second: 96220 
                        Collection time: 0.486s 
                          Learning time: 0.536s 
                        Mean value loss: 6.3482
                    Mean surrogate loss: -0.0075
                      Mean entropy loss: 15.3636
                            Mean reward: 722.94
                    Mean episode length: 964.68
                        Mean action std: 0.87
                /rew/similar_to_default: -7.7191
                  /rew/tracking_lin_vel: 45.1001
                  /rew/tracking_ang_vel: 8.4393
                       /rew/action_rate: -7.1684
                         /rew/lin_vel_z: -1.0683
                       /rew/base_height: -0.6555
--------------------------------------------------------------------------------
                         Iteration time: 1.02s
                           Time elapsed: 0:05:03
                                    ETA: 0:03:38

################################################################################
                           Learning iteration 291/500                            

                            Total steps: 28704768 
                       Steps per second: 96287 
                        Collection time: 0.484s 
                          Learning time: 0.537s 
                        Mean value loss: 5.9765
                    Mean surrogate loss: -0.0071
                      Mean entropy loss: 15.3624
                            Mean reward: 710.77
                    Mean episode length: 952.97
                        Mean action std: 0.87
                /rew/similar_to_default: -7.8612
                  /rew/tracking_lin_vel: 45.5453
                  /rew/tracking_ang_vel: 8.5592
                       /rew/action_rate: -7.1575
                         /rew/lin_vel_z: -1.0444
                       /rew/base_height: -0.6531
--------------------------------------------------------------------------------
                         Iteration time: 1.02s
                           Time elapsed: 0:05:04
                                    ETA: 0:03:37

################################################################################
                           Learning iteration 292/500                            

                            Total steps: 28803072 
                       Steps per second: 95774 
                        Collection time: 0.490s 
                          Learning time: 0.536s 
                        Mean value loss: 5.3801
                    Mean surrogate loss: -0.0081
                      Mean entropy loss: 15.3518
                            Mean reward: 733.51
                    Mean episode length: 978.27
                        Mean action std: 0.87
                /rew/similar_to_default: -7.5538
                  /rew/tracking_lin_vel: 45.4652
                  /rew/tracking_ang_vel: 8.5378
                       /rew/action_rate: -6.9728
                         /rew/lin_vel_z: -0.9994
                       /rew/base_height: -0.5862
--------------------------------------------------------------------------------
                         Iteration time: 1.03s
                           Time elapsed: 0:05:05
                                    ETA: 0:03:36

################################################################################
                           Learning iteration 293/500                            

                            Total steps: 28901376 
                       Steps per second: 96145 
                        Collection time: 0.485s 
                          Learning time: 0.537s 
                        Mean value loss: 5.8902
                    Mean surrogate loss: -0.0069
                      Mean entropy loss: 15.3559
                            Mean reward: 717.97
                    Mean episode length: 965.18
                        Mean action std: 0.87
                /rew/similar_to_default: -7.8185
                  /rew/tracking_lin_vel: 45.5819
                  /rew/tracking_ang_vel: 8.6147
                       /rew/action_rate: -6.9327
                         /rew/lin_vel_z: -0.9754
                       /rew/base_height: -0.5725
--------------------------------------------------------------------------------
                         Iteration time: 1.02s
                           Time elapsed: 0:05:06
                                    ETA: 0:03:34

################################################################################
                           Learning iteration 294/500                            

                            Total steps: 28999680 
                       Steps per second: 95988 
                        Collection time: 0.489s 
                          Learning time: 0.535s 
                        Mean value loss: 4.9558
                    Mean surrogate loss: -0.0070
                      Mean entropy loss: 15.3579
                            Mean reward: 737.86
                    Mean episode length: 981.14
                        Mean action std: 0.87
                /rew/similar_to_default: -8.0097
                  /rew/tracking_lin_vel: 45.0014
                  /rew/tracking_ang_vel: 8.3190
                       /rew/action_rate: -7.3057
                         /rew/lin_vel_z: -1.0797
                       /rew/base_height: -0.6484
--------------------------------------------------------------------------------
                         Iteration time: 1.02s
                           Time elapsed: 0:05:07
                                    ETA: 0:03:33

################################################################################
                           Learning iteration 295/500                            

                            Total steps: 29097984 
                       Steps per second: 95694 
                        Collection time: 0.490s 
                          Learning time: 0.537s 
                        Mean value loss: 5.5254
                    Mean surrogate loss: -0.0075
                      Mean entropy loss: 15.3386
                            Mean reward: 725.28
                    Mean episode length: 970.59
                        Mean action std: 0.87
                /rew/similar_to_default: -7.2206
                  /rew/tracking_lin_vel: 43.0893
                  /rew/tracking_ang_vel: 8.0453
                       /rew/action_rate: -6.5667
                         /rew/lin_vel_z: -0.9580
                       /rew/base_height: -0.5649
--------------------------------------------------------------------------------
                         Iteration time: 1.03s
                           Time elapsed: 0:05:08
                                    ETA: 0:03:32

################################################################################
                           Learning iteration 296/500                            

                            Total steps: 29196288 
                       Steps per second: 96267 
                        Collection time: 0.484s 
                          Learning time: 0.537s 
                        Mean value loss: 5.5786
                    Mean surrogate loss: -0.0077
                      Mean entropy loss: 15.3309
                            Mean reward: 741.58
                    Mean episode length: 991.57
                        Mean action std: 0.87
                /rew/similar_to_default: -7.6258
                  /rew/tracking_lin_vel: 45.2752
                  /rew/tracking_ang_vel: 8.4069
                       /rew/action_rate: -6.9985
                         /rew/lin_vel_z: -0.9892
                       /rew/base_height: -0.5912
--------------------------------------------------------------------------------
                         Iteration time: 1.02s
                           Time elapsed: 0:05:09
                                    ETA: 0:03:31

################################################################################
                           Learning iteration 297/500                            

                            Total steps: 29294592 
                       Steps per second: 96230 
                        Collection time: 0.485s 
                          Learning time: 0.536s 
                        Mean value loss: 5.6352
                    Mean surrogate loss: -0.0075
                      Mean entropy loss: 15.3251
                            Mean reward: 735.79
                    Mean episode length: 982.24
                        Mean action std: 0.87
                /rew/similar_to_default: -7.6062
                  /rew/tracking_lin_vel: 45.5778
                  /rew/tracking_ang_vel: 8.6123
                       /rew/action_rate: -7.0646
                         /rew/lin_vel_z: -1.0172
                       /rew/base_height: -0.5894
--------------------------------------------------------------------------------
                         Iteration time: 1.02s
                           Time elapsed: 0:05:10
                                    ETA: 0:03:30

################################################################################
                           Learning iteration 298/500                            

                            Total steps: 29392896 
                       Steps per second: 96288 
                        Collection time: 0.487s 
                          Learning time: 0.534s 
                        Mean value loss: 5.5396
                    Mean surrogate loss: -0.0071
                      Mean entropy loss: 15.3093
                            Mean reward: 723.95
                    Mean episode length: 968.50
                        Mean action std: 0.87
                /rew/similar_to_default: -7.7653
                  /rew/tracking_lin_vel: 45.4100
                  /rew/tracking_ang_vel: 8.7185
                       /rew/action_rate: -6.9824
                         /rew/lin_vel_z: -0.9901
                       /rew/base_height: -0.6396
--------------------------------------------------------------------------------
                         Iteration time: 1.02s
                           Time elapsed: 0:05:11
                                    ETA: 0:03:29

################################################################################
                           Learning iteration 299/500                            

                            Total steps: 29491200 
                       Steps per second: 96725 
                        Collection time: 0.483s 
                          Learning time: 0.534s 
                        Mean value loss: 5.3268
                    Mean surrogate loss: -0.0076
                      Mean entropy loss: 15.2962
                            Mean reward: 727.92
                    Mean episode length: 970.32
                        Mean action std: 0.87
                /rew/similar_to_default: -7.8114
                  /rew/tracking_lin_vel: 45.4067
                  /rew/tracking_ang_vel: 8.6197
                       /rew/action_rate: -7.0591
                         /rew/lin_vel_z: -1.0333
                       /rew/base_height: -0.6738
--------------------------------------------------------------------------------
                         Iteration time: 1.02s
                           Time elapsed: 0:05:12
                                    ETA: 0:03:28

################################################################################
                           Learning iteration 300/500                            

                            Total steps: 29589504 
                       Steps per second: 96016 
                        Collection time: 0.486s 
                          Learning time: 0.538s 
                        Mean value loss: 4.7260
                    Mean surrogate loss: -0.0077
                      Mean entropy loss: 15.2785
                            Mean reward: 734.58
                    Mean episode length: 989.89
                        Mean action std: 0.87
                /rew/similar_to_default: -7.6254
                  /rew/tracking_lin_vel: 45.1916
                  /rew/tracking_ang_vel: 8.5650
                       /rew/action_rate: -7.1590
                         /rew/lin_vel_z: -1.0746
                       /rew/base_height: -0.5884
--------------------------------------------------------------------------------
                         Iteration time: 1.02s
                           Time elapsed: 0:05:13
                                    ETA: 0:03:27

################################################################################
                           Learning iteration 301/500                            

                            Total steps: 29687808 
                       Steps per second: 96528 
                        Collection time: 0.483s 
                          Learning time: 0.535s 
                        Mean value loss: 5.8615
                    Mean surrogate loss: -0.0075
                      Mean entropy loss: 15.2801
                            Mean reward: 742.83
                    Mean episode length: 987.99
                        Mean action std: 0.87
                /rew/similar_to_default: -7.2381
                  /rew/tracking_lin_vel: 46.3065
                  /rew/tracking_ang_vel: 8.4937
                       /rew/action_rate: -7.0329
                         /rew/lin_vel_z: -0.9530
                       /rew/base_height: -0.5998
--------------------------------------------------------------------------------
                         Iteration time: 1.02s
                           Time elapsed: 0:05:14
                                    ETA: 0:03:26

################################################################################
                           Learning iteration 302/500                            

                            Total steps: 29786112 
                       Steps per second: 95730 
                        Collection time: 0.490s 
                          Learning time: 0.537s 
                        Mean value loss: 6.2233
                    Mean surrogate loss: -0.0074
                      Mean entropy loss: 15.2829
                            Mean reward: 730.42
                    Mean episode length: 970.01
                        Mean action std: 0.87
                /rew/similar_to_default: -7.1746
                  /rew/tracking_lin_vel: 44.8969
                  /rew/tracking_ang_vel: 8.5467
                       /rew/action_rate: -6.9272
                         /rew/lin_vel_z: -0.9498
                       /rew/base_height: -0.6607
--------------------------------------------------------------------------------
                         Iteration time: 1.03s
                           Time elapsed: 0:05:16
                                    ETA: 0:03:25

################################################################################
                           Learning iteration 303/500                            

                            Total steps: 29884416 
                       Steps per second: 96160 
                        Collection time: 0.486s 
                          Learning time: 0.537s 
                        Mean value loss: 4.8960
                    Mean surrogate loss: -0.0078
                      Mean entropy loss: 15.2777
                            Mean reward: 742.89
                    Mean episode length: 982.40
                        Mean action std: 0.87
                /rew/similar_to_default: -7.1358
                  /rew/tracking_lin_vel: 46.0642
                  /rew/tracking_ang_vel: 8.5306
                       /rew/action_rate: -7.0181
                         /rew/lin_vel_z: -0.9363
                       /rew/base_height: -0.6421
--------------------------------------------------------------------------------
                         Iteration time: 1.02s
                           Time elapsed: 0:05:17
                                    ETA: 0:03:24

################################################################################
                           Learning iteration 304/500                            

                            Total steps: 29982720 
                       Steps per second: 96072 
                        Collection time: 0.487s 
                          Learning time: 0.536s 
                        Mean value loss: 5.8486
                    Mean surrogate loss: -0.0079
                      Mean entropy loss: 15.2724
                            Mean reward: 728.07
                    Mean episode length: 968.40
                        Mean action std: 0.86
                /rew/similar_to_default: -8.0961
                  /rew/tracking_lin_vel: 45.3519
                  /rew/tracking_ang_vel: 8.4476
                       /rew/action_rate: -7.2145
                         /rew/lin_vel_z: -1.1470
                       /rew/base_height: -0.5349
--------------------------------------------------------------------------------
                         Iteration time: 1.02s
                           Time elapsed: 0:05:18
                                    ETA: 0:03:23

################################################################################
                           Learning iteration 305/500                            

                            Total steps: 30081024 
                       Steps per second: 96081 
                        Collection time: 0.487s 
                          Learning time: 0.536s 
                        Mean value loss: 4.9244
                    Mean surrogate loss: -0.0077
                      Mean entropy loss: 15.2696
                            Mean reward: 737.29
                    Mean episode length: 980.31
                        Mean action std: 0.86
                /rew/similar_to_default: -8.3081
                  /rew/tracking_lin_vel: 45.1187
                  /rew/tracking_ang_vel: 8.4481
                       /rew/action_rate: -7.1545
                         /rew/lin_vel_z: -1.0590
                       /rew/base_height: -0.5459
--------------------------------------------------------------------------------
                         Iteration time: 1.02s
                           Time elapsed: 0:05:19
                                    ETA: 0:03:22

################################################################################
                           Learning iteration 306/500                            

                            Total steps: 30179328 
                       Steps per second: 96003 
                        Collection time: 0.486s 
                          Learning time: 0.538s 
                        Mean value loss: 5.6775
                    Mean surrogate loss: -0.0077
                      Mean entropy loss: 15.2691
                            Mean reward: 737.26
                    Mean episode length: 984.16
                        Mean action std: 0.86
                /rew/similar_to_default: -7.5477
                  /rew/tracking_lin_vel: 42.7818
                  /rew/tracking_ang_vel: 8.0861
                       /rew/action_rate: -6.7240
                         /rew/lin_vel_z: -1.0009
                       /rew/base_height: -0.5825
--------------------------------------------------------------------------------
                         Iteration time: 1.02s
                           Time elapsed: 0:05:20
                                    ETA: 0:03:21

################################################################################
                           Learning iteration 307/500                            

                            Total steps: 30277632 
                       Steps per second: 95835 
                        Collection time: 0.489s 
                          Learning time: 0.537s 
                        Mean value loss: 4.2190
                    Mean surrogate loss: -0.0078
                      Mean entropy loss: 15.2633
                            Mean reward: 748.09
                    Mean episode length: 991.92
                        Mean action std: 0.86
                /rew/similar_to_default: -7.6345
                  /rew/tracking_lin_vel: 45.5307
                  /rew/tracking_ang_vel: 8.5362
                       /rew/action_rate: -7.1208
                         /rew/lin_vel_z: -1.0871
                       /rew/base_height: -0.6270
--------------------------------------------------------------------------------
                         Iteration time: 1.03s
                           Time elapsed: 0:05:21
                                    ETA: 0:03:20

################################################################################
                           Learning iteration 308/500                            

                            Total steps: 30375936 
                       Steps per second: 95797 
                        Collection time: 0.490s 
                          Learning time: 0.536s 
                        Mean value loss: 5.8312
                    Mean surrogate loss: -0.0066
                      Mean entropy loss: 15.2599
                            Mean reward: 719.41
                    Mean episode length: 951.27
                        Mean action std: 0.86
                /rew/similar_to_default: -8.0236
                  /rew/tracking_lin_vel: 45.3371
                  /rew/tracking_ang_vel: 8.4832
                       /rew/action_rate: -7.0470
                         /rew/lin_vel_z: -1.0880
                       /rew/base_height: -0.5302
--------------------------------------------------------------------------------
                         Iteration time: 1.03s
                           Time elapsed: 0:05:22
                                    ETA: 0:03:19

################################################################################
                           Learning iteration 309/500                            

                            Total steps: 30474240 
                       Steps per second: 96032 
                        Collection time: 0.486s 
                          Learning time: 0.538s 
                        Mean value loss: 4.9583
                    Mean surrogate loss: -0.0069
                      Mean entropy loss: 15.2599
                            Mean reward: 736.80
                    Mean episode length: 976.28
                        Mean action std: 0.86
                /rew/similar_to_default: -8.6730
                  /rew/tracking_lin_vel: 44.6073
                  /rew/tracking_ang_vel: 8.3047
                       /rew/action_rate: -7.3630
                         /rew/lin_vel_z: -1.2413
                       /rew/base_height: -0.5278
--------------------------------------------------------------------------------
                         Iteration time: 1.02s
                           Time elapsed: 0:05:23
                                    ETA: 0:03:18

################################################################################
                           Learning iteration 310/500                            

                            Total steps: 30572544 
                       Steps per second: 95749 
                        Collection time: 0.489s 
                          Learning time: 0.537s 
                        Mean value loss: 5.6699
                    Mean surrogate loss: -0.0069
                      Mean entropy loss: 15.2658
                            Mean reward: 744.07
                    Mean episode length: 986.27
                        Mean action std: 0.86
                /rew/similar_to_default: -7.0034
                  /rew/tracking_lin_vel: 41.1678
                  /rew/tracking_ang_vel: 7.7123
                       /rew/action_rate: -6.2896
                         /rew/lin_vel_z: -0.9544
                       /rew/base_height: -0.5599
--------------------------------------------------------------------------------
                         Iteration time: 1.03s
                           Time elapsed: 0:05:24
                                    ETA: 0:03:17

################################################################################
                           Learning iteration 311/500                            

                            Total steps: 30670848 
                       Steps per second: 95868 
                        Collection time: 0.489s 
                          Learning time: 0.536s 
                        Mean value loss: 6.4611
                    Mean surrogate loss: -0.0075
                      Mean entropy loss: 15.2716
                            Mean reward: 720.08
                    Mean episode length: 955.58
                        Mean action std: 0.87
                /rew/similar_to_default: -7.4182
                  /rew/tracking_lin_vel: 44.7972
                  /rew/tracking_ang_vel: 8.4713
                       /rew/action_rate: -7.0522
                         /rew/lin_vel_z: -0.9678
                       /rew/base_height: -0.6751
--------------------------------------------------------------------------------
                         Iteration time: 1.03s
                           Time elapsed: 0:05:25
                                    ETA: 0:03:15

################################################################################
                           Learning iteration 312/500                            

                            Total steps: 30769152 
                       Steps per second: 96568 
                        Collection time: 0.485s 
                          Learning time: 0.533s 
                        Mean value loss: 5.0273
                    Mean surrogate loss: -0.0072
                      Mean entropy loss: 15.2757
                            Mean reward: 735.89
                    Mean episode length: 971.42
                        Mean action std: 0.87
                /rew/similar_to_default: -7.3813
                  /rew/tracking_lin_vel: 45.3654
                  /rew/tracking_ang_vel: 8.5108
                       /rew/action_rate: -6.8893
                         /rew/lin_vel_z: -0.9925
                       /rew/base_height: -0.5973
--------------------------------------------------------------------------------
                         Iteration time: 1.02s
                           Time elapsed: 0:05:26
                                    ETA: 0:03:14

################################################################################
                           Learning iteration 313/500                            

                            Total steps: 30867456 
                       Steps per second: 96737 
                        Collection time: 0.484s 
                          Learning time: 0.532s 
                        Mean value loss: 5.8143
                    Mean surrogate loss: -0.0065
                      Mean entropy loss: 15.2774
                            Mean reward: 725.32
                    Mean episode length: 964.92
                        Mean action std: 0.87
                /rew/similar_to_default: -6.7097
                  /rew/tracking_lin_vel: 46.2033
                  /rew/tracking_ang_vel: 8.6290
                       /rew/action_rate: -6.8485
                         /rew/lin_vel_z: -0.8454
                       /rew/base_height: -0.6588
--------------------------------------------------------------------------------
                         Iteration time: 1.02s
                           Time elapsed: 0:05:27
                                    ETA: 0:03:13

################################################################################
                           Learning iteration 314/500                            

                            Total steps: 30965760 
                       Steps per second: 96656 
                        Collection time: 0.483s 
                          Learning time: 0.534s 
                        Mean value loss: 5.2816
                    Mean surrogate loss: -0.0075
                      Mean entropy loss: 15.2686
                            Mean reward: 730.50
                    Mean episode length: 972.23
                        Mean action std: 0.86
                /rew/similar_to_default: -7.1976
                  /rew/tracking_lin_vel: 46.2716
                  /rew/tracking_ang_vel: 8.4244
                       /rew/action_rate: -6.8505
                         /rew/lin_vel_z: -0.9009
                       /rew/base_height: -0.6593
--------------------------------------------------------------------------------
                         Iteration time: 1.02s
                           Time elapsed: 0:05:28
                                    ETA: 0:03:12

################################################################################
                           Learning iteration 315/500                            

                            Total steps: 31064064 
                       Steps per second: 96436 
                        Collection time: 0.488s 
                          Learning time: 0.532s 
                        Mean value loss: 5.6834
                    Mean surrogate loss: -0.0079
                      Mean entropy loss: 15.2683
                            Mean reward: 733.51
                    Mean episode length: 975.31
                        Mean action std: 0.86
                /rew/similar_to_default: -4.7348
                  /rew/tracking_lin_vel: 26.5874
                  /rew/tracking_ang_vel: 5.0109
                       /rew/action_rate: -4.4751
                         /rew/lin_vel_z: -0.7325
                       /rew/base_height: -0.3369
--------------------------------------------------------------------------------
                         Iteration time: 1.02s
                           Time elapsed: 0:05:29
                                    ETA: 0:03:11

################################################################################
                           Learning iteration 316/500                            

                            Total steps: 31162368 
                       Steps per second: 96514 
                        Collection time: 0.486s 
                          Learning time: 0.533s 
                        Mean value loss: 6.3858
                    Mean surrogate loss: -0.0074
                      Mean entropy loss: 15.2825
                            Mean reward: 726.58
                    Mean episode length: 960.13
                        Mean action std: 0.87
                /rew/similar_to_default: -6.7787
                  /rew/tracking_lin_vel: 41.1450
                  /rew/tracking_ang_vel: 7.7681
                       /rew/action_rate: -6.4513
                         /rew/lin_vel_z: -0.9198
                       /rew/base_height: -0.5489
--------------------------------------------------------------------------------
                         Iteration time: 1.02s
                           Time elapsed: 0:05:30
                                    ETA: 0:03:10

################################################################################
                           Learning iteration 317/500                            

                            Total steps: 31260672 
                       Steps per second: 96913 
                        Collection time: 0.480s 
                          Learning time: 0.535s 
                        Mean value loss: 8.4081
                    Mean surrogate loss: -0.0067
                      Mean entropy loss: 15.2984
                            Mean reward: 705.99
                    Mean episode length: 935.87
                        Mean action std: 0.87
                /rew/similar_to_default: -6.0562
                  /rew/tracking_lin_vel: 38.5436
                  /rew/tracking_ang_vel: 7.1978
                       /rew/action_rate: -5.8590
                         /rew/lin_vel_z: -0.8238
                       /rew/base_height: -0.6171
--------------------------------------------------------------------------------
                         Iteration time: 1.01s
                           Time elapsed: 0:05:31
                                    ETA: 0:03:09

################################################################################
                           Learning iteration 318/500                            

                            Total steps: 31358976 
                       Steps per second: 96721 
                        Collection time: 0.479s 
                          Learning time: 0.537s 
                        Mean value loss: 5.2802
                    Mean surrogate loss: -0.0077
                      Mean entropy loss: 15.3041
                            Mean reward: 735.53
                    Mean episode length: 967.65
                        Mean action std: 0.87
                /rew/similar_to_default: -8.1130
                  /rew/tracking_lin_vel: 45.3039
                  /rew/tracking_ang_vel: 8.5450
                       /rew/action_rate: -7.0960
                         /rew/lin_vel_z: -1.1718
                       /rew/base_height: -0.5841
--------------------------------------------------------------------------------
                         Iteration time: 1.02s
                           Time elapsed: 0:05:32
                                    ETA: 0:03:08

################################################################################
                           Learning iteration 319/500                            

                            Total steps: 31457280 
                       Steps per second: 97113 
                        Collection time: 0.477s 
                          Learning time: 0.535s 
                        Mean value loss: 4.4831
                    Mean surrogate loss: -0.0077
                      Mean entropy loss: 15.3084
                            Mean reward: 760.40
                    Mean episode length: 998.05
                        Mean action std: 0.87
                /rew/similar_to_default: -7.3631
                  /rew/tracking_lin_vel: 45.2079
                  /rew/tracking_ang_vel: 8.6731
                       /rew/action_rate: -6.8936
                         /rew/lin_vel_z: -0.9930
                       /rew/base_height: -0.6954
--------------------------------------------------------------------------------
                         Iteration time: 1.01s
                           Time elapsed: 0:05:33
                                    ETA: 0:03:07

################################################################################
                           Learning iteration 320/500                            

                            Total steps: 31555584 
                       Steps per second: 97157 
                        Collection time: 0.478s 
                          Learning time: 0.534s 
                        Mean value loss: 6.6320
                    Mean surrogate loss: -0.0067
                      Mean entropy loss: 15.3033
                            Mean reward: 717.42
                    Mean episode length: 950.78
                        Mean action std: 0.87
                /rew/similar_to_default: -8.3645
                  /rew/tracking_lin_vel: 45.2634
                  /rew/tracking_ang_vel: 8.5405
                       /rew/action_rate: -7.3036
                         /rew/lin_vel_z: -1.1391
                       /rew/base_height: -0.5775
--------------------------------------------------------------------------------
                         Iteration time: 1.01s
                           Time elapsed: 0:05:34
                                    ETA: 0:03:06

################################################################################
                           Learning iteration 321/500                            

                            Total steps: 31653888 
                       Steps per second: 96984 
                        Collection time: 0.478s 
                          Learning time: 0.536s 
                        Mean value loss: 4.4121
                    Mean surrogate loss: -0.0082
                      Mean entropy loss: 15.3001
                            Mean reward: 744.86
                    Mean episode length: 980.19
                        Mean action std: 0.87
                /rew/similar_to_default: -6.9989
                  /rew/tracking_lin_vel: 46.3438
                  /rew/tracking_ang_vel: 8.6768
                       /rew/action_rate: -7.0180
                         /rew/lin_vel_z: -0.9057
                       /rew/base_height: -0.6558
--------------------------------------------------------------------------------
                         Iteration time: 1.01s
                           Time elapsed: 0:05:35
                                    ETA: 0:03:05

################################################################################
                           Learning iteration 322/500                            

                            Total steps: 31752192 
                       Steps per second: 96061 
                        Collection time: 0.490s 
                          Learning time: 0.534s 
                        Mean value loss: 5.8979
                    Mean surrogate loss: -0.0072
                      Mean entropy loss: 15.3007
                            Mean reward: 750.04
                    Mean episode length: 982.68
                        Mean action std: 0.87
                /rew/similar_to_default: -6.6823
                  /rew/tracking_lin_vel: 46.4514
                  /rew/tracking_ang_vel: 8.5229
                       /rew/action_rate: -6.6748
                         /rew/lin_vel_z: -0.8345
                       /rew/base_height: -0.6702
--------------------------------------------------------------------------------
                         Iteration time: 1.02s
                           Time elapsed: 0:05:36
                                    ETA: 0:03:04

################################################################################
                           Learning iteration 323/500                            

                            Total steps: 31850496 
                       Steps per second: 96068 
                        Collection time: 0.487s 
                          Learning time: 0.537s 
                        Mean value loss: 5.5124
                    Mean surrogate loss: -0.0075
                      Mean entropy loss: 15.3125
                            Mean reward: 740.21
                    Mean episode length: 975.36
                        Mean action std: 0.87
                /rew/similar_to_default: -7.2073
                  /rew/tracking_lin_vel: 45.3264
                  /rew/tracking_ang_vel: 8.5717
                       /rew/action_rate: -6.8743
                         /rew/lin_vel_z: -0.8618
                       /rew/base_height: -0.6171
--------------------------------------------------------------------------------
                         Iteration time: 1.02s
                           Time elapsed: 0:05:37
                                    ETA: 0:03:03

################################################################################
                           Learning iteration 324/500                            

                            Total steps: 31948800 
                       Steps per second: 96648 
                        Collection time: 0.481s 
                          Learning time: 0.536s 
                        Mean value loss: 4.3412
                    Mean surrogate loss: -0.0080
                      Mean entropy loss: 15.3030
                            Mean reward: 739.35
                    Mean episode length: 979.99
                        Mean action std: 0.87
                /rew/similar_to_default: -8.0455
                  /rew/tracking_lin_vel: 44.1485
                  /rew/tracking_ang_vel: 8.4206
                       /rew/action_rate: -7.3048
                         /rew/lin_vel_z: -1.2008
                       /rew/base_height: -0.5780
--------------------------------------------------------------------------------
                         Iteration time: 1.02s
                           Time elapsed: 0:05:38
                                    ETA: 0:03:02

################################################################################
                           Learning iteration 325/500                            

                            Total steps: 32047104 
                       Steps per second: 96285 
                        Collection time: 0.487s 
                          Learning time: 0.534s 
                        Mean value loss: 5.2180
                    Mean surrogate loss: -0.0071
                      Mean entropy loss: 15.2960
                            Mean reward: 751.16
                    Mean episode length: 985.68
                        Mean action std: 0.87
                /rew/similar_to_default: -7.6484
                  /rew/tracking_lin_vel: 44.8695
                  /rew/tracking_ang_vel: 8.4735
                       /rew/action_rate: -7.1975
                         /rew/lin_vel_z: -1.0324
                       /rew/base_height: -0.5950
--------------------------------------------------------------------------------
                         Iteration time: 1.02s
                           Time elapsed: 0:05:39
                                    ETA: 0:03:01

################################################################################
                           Learning iteration 326/500                            

                            Total steps: 32145408 
                       Steps per second: 96455 
                        Collection time: 0.484s 
                          Learning time: 0.535s 
                        Mean value loss: 4.8905
                    Mean surrogate loss: -0.0085
                      Mean entropy loss: 15.2886
                            Mean reward: 747.68
                    Mean episode length: 996.54
                        Mean action std: 0.87
                /rew/similar_to_default: -7.5693
                  /rew/tracking_lin_vel: 44.9707
                  /rew/tracking_ang_vel: 8.4524
                       /rew/action_rate: -7.1125
                         /rew/lin_vel_z: -1.0480
                       /rew/base_height: -0.5965
--------------------------------------------------------------------------------
                         Iteration time: 1.02s
                           Time elapsed: 0:05:40
                                    ETA: 0:03:00

################################################################################
                           Learning iteration 327/500                            

                            Total steps: 32243712 
                       Steps per second: 96275 
                        Collection time: 0.485s 
                          Learning time: 0.536s 
                        Mean value loss: 5.0250
                    Mean surrogate loss: -0.0066
                      Mean entropy loss: 15.2911
                            Mean reward: 750.68
                    Mean episode length: 990.85
                        Mean action std: 0.87
                /rew/similar_to_default: -6.9794
                  /rew/tracking_lin_vel: 45.6229
                  /rew/tracking_ang_vel: 8.5834
                       /rew/action_rate: -6.8526
                         /rew/lin_vel_z: -0.8670
                       /rew/base_height: -0.6164
--------------------------------------------------------------------------------
                         Iteration time: 1.02s
                           Time elapsed: 0:05:41
                                    ETA: 0:02:59

################################################################################
                           Learning iteration 328/500                            

                            Total steps: 32342016 
                       Steps per second: 96051 
                        Collection time: 0.486s 
                          Learning time: 0.538s 
                        Mean value loss: 4.7718
                    Mean surrogate loss: -0.0066
                      Mean entropy loss: 15.2949
                            Mean reward: 754.42
                    Mean episode length: 990.39
                        Mean action std: 0.87
                /rew/similar_to_default: -8.1078
                  /rew/tracking_lin_vel: 44.7863
                  /rew/tracking_ang_vel: 8.4372
                       /rew/action_rate: -7.3777
                         /rew/lin_vel_z: -1.1541
                       /rew/base_height: -0.5454
--------------------------------------------------------------------------------
                         Iteration time: 1.02s
                           Time elapsed: 0:05:42
                                    ETA: 0:02:58

################################################################################
                           Learning iteration 329/500                            

                            Total steps: 32440320 
                       Steps per second: 95881 
                        Collection time: 0.489s 
                          Learning time: 0.537s 
                        Mean value loss: 5.7532
                    Mean surrogate loss: -0.0077
                      Mean entropy loss: 15.2750
                            Mean reward: 727.70
                    Mean episode length: 961.06
                        Mean action std: 0.86
                /rew/similar_to_default: -6.7820
                  /rew/tracking_lin_vel: 45.4837
                  /rew/tracking_ang_vel: 8.5707
                       /rew/action_rate: -6.8553
                         /rew/lin_vel_z: -0.7674
                       /rew/base_height: -0.7783
--------------------------------------------------------------------------------
                         Iteration time: 1.03s
                           Time elapsed: 0:05:43
                                    ETA: 0:02:56

################################################################################
                           Learning iteration 330/500                            

                            Total steps: 32538624 
                       Steps per second: 96721 
                        Collection time: 0.481s 
                          Learning time: 0.535s 
                        Mean value loss: 4.0482
                    Mean surrogate loss: -0.0075
                      Mean entropy loss: 15.2792
                            Mean reward: 740.93
                    Mean episode length: 976.50
                        Mean action std: 0.87
                /rew/similar_to_default: -7.2755
                  /rew/tracking_lin_vel: 45.3514
                  /rew/tracking_ang_vel: 8.5236
                       /rew/action_rate: -6.9918
                         /rew/lin_vel_z: -0.9644
                       /rew/base_height: -0.6449
--------------------------------------------------------------------------------
                         Iteration time: 1.02s
                           Time elapsed: 0:05:44
                                    ETA: 0:02:55

################################################################################
                           Learning iteration 331/500                            

                            Total steps: 32636928 
                       Steps per second: 95982 
                        Collection time: 0.487s 
                          Learning time: 0.537s 
                        Mean value loss: 6.1695
                    Mean surrogate loss: -0.0067
                      Mean entropy loss: 15.2856
                            Mean reward: 731.41
                    Mean episode length: 967.82
                        Mean action std: 0.87
                /rew/similar_to_default: -7.3166
                  /rew/tracking_lin_vel: 45.3513
                  /rew/tracking_ang_vel: 8.4516
                       /rew/action_rate: -7.0360
                         /rew/lin_vel_z: -0.9352
                       /rew/base_height: -0.5997
--------------------------------------------------------------------------------
                         Iteration time: 1.02s
                           Time elapsed: 0:05:45
                                    ETA: 0:02:54

################################################################################
                           Learning iteration 332/500                            

                            Total steps: 32735232 
                       Steps per second: 95957 
                        Collection time: 0.487s 
                          Learning time: 0.537s 
                        Mean value loss: 3.6980
                    Mean surrogate loss: -0.0076
                      Mean entropy loss: 15.2824
                            Mean reward: 751.07
                    Mean episode length: 991.68
                        Mean action std: 0.87
                /rew/similar_to_default: -7.8803
                  /rew/tracking_lin_vel: 44.8332
                  /rew/tracking_ang_vel: 8.4938
                       /rew/action_rate: -7.3143
                         /rew/lin_vel_z: -1.0927
                       /rew/base_height: -0.5273
--------------------------------------------------------------------------------
                         Iteration time: 1.02s
                           Time elapsed: 0:05:46
                                    ETA: 0:02:53

################################################################################
                           Learning iteration 333/500                            

                            Total steps: 32833536 
                       Steps per second: 96364 
                        Collection time: 0.485s 
                          Learning time: 0.536s 
                        Mean value loss: 3.7029
                    Mean surrogate loss: -0.0073
                      Mean entropy loss: 15.2665
                            Mean reward: 753.90
                    Mean episode length: 993.25
                        Mean action std: 0.86
                /rew/similar_to_default: -7.6278
                  /rew/tracking_lin_vel: 44.8713
                  /rew/tracking_ang_vel: 8.4443
                       /rew/action_rate: -7.1426
                         /rew/lin_vel_z: -1.0448
                       /rew/base_height: -0.5897
--------------------------------------------------------------------------------
                         Iteration time: 1.02s
                           Time elapsed: 0:05:47
                                    ETA: 0:02:52

################################################################################
                           Learning iteration 334/500                            

                            Total steps: 32931840 
                       Steps per second: 95679 
                        Collection time: 0.491s 
                          Learning time: 0.537s 
                        Mean value loss: 4.4789
                    Mean surrogate loss: -0.0079
                      Mean entropy loss: 15.2437
                            Mean reward: 757.11
                    Mean episode length: 1000.00
                        Mean action std: 0.86
                /rew/similar_to_default: -7.1761
                  /rew/tracking_lin_vel: 45.5148
                  /rew/tracking_ang_vel: 8.5510
                       /rew/action_rate: -6.9682
                         /rew/lin_vel_z: -0.9190
                       /rew/base_height: -0.6449
--------------------------------------------------------------------------------
                         Iteration time: 1.03s
                           Time elapsed: 0:05:48
                                    ETA: 0:02:51

################################################################################
                           Learning iteration 335/500                            

                            Total steps: 33030144 
                       Steps per second: 96854 
                        Collection time: 0.479s 
                          Learning time: 0.536s 
                        Mean value loss: 5.1286
                    Mean surrogate loss: -0.0061
                      Mean entropy loss: 15.2333
                            Mean reward: 747.58
                    Mean episode length: 981.99
                        Mean action std: 0.86
                /rew/similar_to_default: -6.2454
                  /rew/tracking_lin_vel: 45.6444
                  /rew/tracking_ang_vel: 8.5368
                       /rew/action_rate: -6.3932
                         /rew/lin_vel_z: -0.6030
                       /rew/base_height: -0.6943
--------------------------------------------------------------------------------
                         Iteration time: 1.01s
                           Time elapsed: 0:05:49
                                    ETA: 0:02:50

################################################################################
                           Learning iteration 336/500                            

                            Total steps: 33128448 
                       Steps per second: 95662 
                        Collection time: 0.492s 
                          Learning time: 0.535s 
                        Mean value loss: 4.8127
                    Mean surrogate loss: -0.0072
                      Mean entropy loss: 15.2211
                            Mean reward: 745.63
                    Mean episode length: 981.11
                        Mean action std: 0.86
                /rew/similar_to_default: -7.1003
                  /rew/tracking_lin_vel: 45.9601
                  /rew/tracking_ang_vel: 8.6587
                       /rew/action_rate: -7.0132
                         /rew/lin_vel_z: -0.9374
                       /rew/base_height: -0.6219
--------------------------------------------------------------------------------
                         Iteration time: 1.03s
                           Time elapsed: 0:05:50
                                    ETA: 0:02:49

################################################################################
                           Learning iteration 337/500                            

                            Total steps: 33226752 
                       Steps per second: 95884 
                        Collection time: 0.488s 
                          Learning time: 0.537s 
                        Mean value loss: 5.0892
                    Mean surrogate loss: -0.0078
                      Mean entropy loss: 15.2180
                            Mean reward: 743.77
                    Mean episode length: 976.14
                        Mean action std: 0.86
                /rew/similar_to_default: -7.0294
                  /rew/tracking_lin_vel: 40.6659
                  /rew/tracking_ang_vel: 7.6481
                       /rew/action_rate: -6.4526
                         /rew/lin_vel_z: -0.9441
                       /rew/base_height: -0.5166
--------------------------------------------------------------------------------
                         Iteration time: 1.03s
                           Time elapsed: 0:05:51
                                    ETA: 0:02:48

################################################################################
                           Learning iteration 338/500                            

                            Total steps: 33325056 
                       Steps per second: 96016 
                        Collection time: 0.486s 
                          Learning time: 0.537s 
                        Mean value loss: 5.0901
                    Mean surrogate loss: -0.0067
                      Mean entropy loss: 15.2123
                            Mean reward: 744.19
                    Mean episode length: 975.30
                        Mean action std: 0.86
                /rew/similar_to_default: -7.4572
                  /rew/tracking_lin_vel: 45.4448
                  /rew/tracking_ang_vel: 8.6353
                       /rew/action_rate: -7.0037
                         /rew/lin_vel_z: -0.9938
                       /rew/base_height: -0.5915
--------------------------------------------------------------------------------
                         Iteration time: 1.02s
                           Time elapsed: 0:05:52
                                    ETA: 0:02:47

################################################################################
                           Learning iteration 339/500                            

                            Total steps: 33423360 
                       Steps per second: 96238 
                        Collection time: 0.485s 
                          Learning time: 0.537s 
                        Mean value loss: 4.6212
                    Mean surrogate loss: -0.0074
                      Mean entropy loss: 15.2135
                            Mean reward: 751.15
                    Mean episode length: 982.22
                        Mean action std: 0.86
                /rew/similar_to_default: -7.2143
                  /rew/tracking_lin_vel: 45.8600
                  /rew/tracking_ang_vel: 8.4823
                       /rew/action_rate: -7.0036
                         /rew/lin_vel_z: -0.9259
                       /rew/base_height: -0.6142
--------------------------------------------------------------------------------
                         Iteration time: 1.02s
                           Time elapsed: 0:05:53
                                    ETA: 0:02:46

################################################################################
                           Learning iteration 340/500                            

                            Total steps: 33521664 
                       Steps per second: 95741 
                        Collection time: 0.489s 
                          Learning time: 0.538s 
                        Mean value loss: 3.9695
                    Mean surrogate loss: -0.0076
                      Mean entropy loss: 15.2135
                            Mean reward: 760.76
                    Mean episode length: 994.04
                        Mean action std: 0.86
                /rew/similar_to_default: -6.9404
                  /rew/tracking_lin_vel: 45.5598
                  /rew/tracking_ang_vel: 8.5320
                       /rew/action_rate: -6.9875
                         /rew/lin_vel_z: -0.9219
                       /rew/base_height: -0.6717
--------------------------------------------------------------------------------
                         Iteration time: 1.03s
                           Time elapsed: 0:05:54
                                    ETA: 0:02:45

################################################################################
                           Learning iteration 341/500                            

                            Total steps: 33619968 
                       Steps per second: 95906 
                        Collection time: 0.488s 
                          Learning time: 0.537s 
                        Mean value loss: 4.4451
                    Mean surrogate loss: -0.0067
                      Mean entropy loss: 15.2093
                            Mean reward: 749.27
                    Mean episode length: 978.23
                        Mean action std: 0.86
                /rew/similar_to_default: -6.7687
                  /rew/tracking_lin_vel: 46.8738
                  /rew/tracking_ang_vel: 8.6548
                       /rew/action_rate: -6.5482
                         /rew/lin_vel_z: -0.7312
                       /rew/base_height: -0.7270
--------------------------------------------------------------------------------
                         Iteration time: 1.02s
                           Time elapsed: 0:05:55
                                    ETA: 0:02:44

################################################################################
                           Learning iteration 342/500                            

                            Total steps: 33718272 
                       Steps per second: 96271 
                        Collection time: 0.485s 
                          Learning time: 0.536s 
                        Mean value loss: 5.5085
                    Mean surrogate loss: -0.0068
                      Mean entropy loss: 15.2025
                            Mean reward: 752.46
                    Mean episode length: 974.49
                        Mean action std: 0.86
                /rew/similar_to_default: -7.2365
                  /rew/tracking_lin_vel: 45.5816
                  /rew/tracking_ang_vel: 8.5214
                       /rew/action_rate: -6.9897
                         /rew/lin_vel_z: -0.9399
                       /rew/base_height: -0.6647
--------------------------------------------------------------------------------
                         Iteration time: 1.02s
                           Time elapsed: 0:05:56
                                    ETA: 0:02:43

################################################################################
                           Learning iteration 343/500                            

                            Total steps: 33816576 
                       Steps per second: 96039 
                        Collection time: 0.488s 
                          Learning time: 0.536s 
                        Mean value loss: 4.7436
                    Mean surrogate loss: -0.0073
                      Mean entropy loss: 15.1897
                            Mean reward: 741.97
                    Mean episode length: 972.68
                        Mean action std: 0.86
                /rew/similar_to_default: -7.0455
                  /rew/tracking_lin_vel: 45.4524
                  /rew/tracking_ang_vel: 8.5269
                       /rew/action_rate: -6.9247
                         /rew/lin_vel_z: -0.9228
                       /rew/base_height: -0.6393
--------------------------------------------------------------------------------
                         Iteration time: 1.02s
                           Time elapsed: 0:05:57
                                    ETA: 0:02:42

################################################################################
                           Learning iteration 344/500                            

                            Total steps: 33914880 
                       Steps per second: 96182 
                        Collection time: 0.486s 
                          Learning time: 0.536s 
                        Mean value loss: 4.3263
                    Mean surrogate loss: -0.0078
                      Mean entropy loss: 15.1737
                            Mean reward: 754.71
                    Mean episode length: 991.33
                        Mean action std: 0.86
                /rew/similar_to_default: -7.6438
                  /rew/tracking_lin_vel: 44.9187
                  /rew/tracking_ang_vel: 8.5637
                       /rew/action_rate: -7.1423
                         /rew/lin_vel_z: -1.0527
                       /rew/base_height: -0.6669
--------------------------------------------------------------------------------
                         Iteration time: 1.02s
                           Time elapsed: 0:05:58
                                    ETA: 0:02:41

################################################################################
                           Learning iteration 345/500                            

                            Total steps: 34013184 
                       Steps per second: 96027 
                        Collection time: 0.487s 
                          Learning time: 0.537s 
                        Mean value loss: 4.7568
                    Mean surrogate loss: -0.0072
                      Mean entropy loss: 15.1672
                            Mean reward: 752.63
                    Mean episode length: 978.49
                        Mean action std: 0.86
                /rew/similar_to_default: -6.7555
                  /rew/tracking_lin_vel: 45.9187
                  /rew/tracking_ang_vel: 8.5621
                       /rew/action_rate: -6.9093
                         /rew/lin_vel_z: -0.9014
                       /rew/base_height: -0.6873
--------------------------------------------------------------------------------
                         Iteration time: 1.02s
                           Time elapsed: 0:05:59
                                    ETA: 0:02:40

################################################################################
                           Learning iteration 346/500                            

                            Total steps: 34111488 
                       Steps per second: 96224 
                        Collection time: 0.484s 
                          Learning time: 0.537s 
                        Mean value loss: 5.0435
                    Mean surrogate loss: -0.0073
                      Mean entropy loss: 15.1680
                            Mean reward: 738.18
                    Mean episode length: 974.47
                        Mean action std: 0.86
                /rew/similar_to_default: -7.7183
                  /rew/tracking_lin_vel: 45.3710
                  /rew/tracking_ang_vel: 8.5506
                       /rew/action_rate: -7.2093
                         /rew/lin_vel_z: -1.0382
                       /rew/base_height: -0.6220
--------------------------------------------------------------------------------
                         Iteration time: 1.02s
                           Time elapsed: 0:06:00
                                    ETA: 0:02:39

################################################################################
                           Learning iteration 347/500                            

                            Total steps: 34209792 
                       Steps per second: 95967 
                        Collection time: 0.487s 
                          Learning time: 0.537s 
                        Mean value loss: 4.3861
                    Mean surrogate loss: -0.0076
                      Mean entropy loss: 15.1637
                            Mean reward: 758.91
                    Mean episode length: 990.33
                        Mean action std: 0.86
                /rew/similar_to_default: -7.2101
                  /rew/tracking_lin_vel: 45.4587
                  /rew/tracking_ang_vel: 8.5704
                       /rew/action_rate: -6.9637
                         /rew/lin_vel_z: -0.9463
                       /rew/base_height: -0.6191
--------------------------------------------------------------------------------
                         Iteration time: 1.02s
                           Time elapsed: 0:06:01
                                    ETA: 0:02:38

################################################################################
                           Learning iteration 348/500                            

                            Total steps: 34308096 
                       Steps per second: 96125 
                        Collection time: 0.487s 
                          Learning time: 0.535s 
                        Mean value loss: 6.6703
                    Mean surrogate loss: -0.0066
                      Mean entropy loss: 15.1538
                            Mean reward: 739.61
                    Mean episode length: 968.34
                        Mean action std: 0.86
                /rew/similar_to_default: -7.3778
                  /rew/tracking_lin_vel: 45.6944
                  /rew/tracking_ang_vel: 8.4936
                       /rew/action_rate: -7.0704
                         /rew/lin_vel_z: -1.0155
                       /rew/base_height: -0.6567
--------------------------------------------------------------------------------
                         Iteration time: 1.02s
                           Time elapsed: 0:06:03
                                    ETA: 0:02:37

################################################################################
                           Learning iteration 349/500                            

                            Total steps: 34406400 
                       Steps per second: 96308 
                        Collection time: 0.485s 
                          Learning time: 0.536s 
                        Mean value loss: 6.4091
                    Mean surrogate loss: -0.0064
                      Mean entropy loss: 15.1661
                            Mean reward: 721.86
                    Mean episode length: 951.51
                        Mean action std: 0.86
                /rew/similar_to_default: -7.6125
                  /rew/tracking_lin_vel: 45.6642
                  /rew/tracking_ang_vel: 8.5068
                       /rew/action_rate: -7.0057
                         /rew/lin_vel_z: -1.0713
                       /rew/base_height: -0.6803
--------------------------------------------------------------------------------
                         Iteration time: 1.02s
                           Time elapsed: 0:06:04
                                    ETA: 0:02:36

################################################################################
                           Learning iteration 350/500                            

                            Total steps: 34504704 
                       Steps per second: 96134 
                        Collection time: 0.486s 
                          Learning time: 0.537s 
                        Mean value loss: 7.4345
                    Mean surrogate loss: -0.0070
                      Mean entropy loss: 15.1813
                            Mean reward: 725.83
                    Mean episode length: 948.53
                        Mean action std: 0.86
                /rew/similar_to_default: -7.0980
                  /rew/tracking_lin_vel: 45.4584
                  /rew/tracking_ang_vel: 8.6671
                       /rew/action_rate: -7.1204
                         /rew/lin_vel_z: -0.9636
                       /rew/base_height: -0.5839
--------------------------------------------------------------------------------
                         Iteration time: 1.02s
                           Time elapsed: 0:06:05
                                    ETA: 0:02:34

################################################################################
                           Learning iteration 351/500                            

                            Total steps: 34603008 
                       Steps per second: 96284 
                        Collection time: 0.485s 
                          Learning time: 0.536s 
                        Mean value loss: 4.8278
                    Mean surrogate loss: -0.0076
                      Mean entropy loss: 15.1807
                            Mean reward: 763.09
                    Mean episode length: 987.09
                        Mean action std: 0.86
                /rew/similar_to_default: -6.6581
                  /rew/tracking_lin_vel: 43.0064
                  /rew/tracking_ang_vel: 8.0744
                       /rew/action_rate: -6.5528
                         /rew/lin_vel_z: -0.8793
                       /rew/base_height: -0.6282
--------------------------------------------------------------------------------
                         Iteration time: 1.02s
                           Time elapsed: 0:06:06
                                    ETA: 0:02:33

################################################################################
                           Learning iteration 352/500                            

                            Total steps: 34701312 
                       Steps per second: 96213 
                        Collection time: 0.485s 
                          Learning time: 0.537s 
                        Mean value loss: 5.3282
                    Mean surrogate loss: -0.0077
                      Mean entropy loss: 15.1776
                            Mean reward: 756.70
                    Mean episode length: 985.25
                        Mean action std: 0.86
                /rew/similar_to_default: -7.3649
                  /rew/tracking_lin_vel: 45.5829
                  /rew/tracking_ang_vel: 8.5558
                       /rew/action_rate: -7.2094
                         /rew/lin_vel_z: -1.0199
                       /rew/base_height: -0.6423
--------------------------------------------------------------------------------
                         Iteration time: 1.02s
                           Time elapsed: 0:06:07
                                    ETA: 0:02:32

################################################################################
                           Learning iteration 353/500                            

                            Total steps: 34799616 
                       Steps per second: 96168 
                        Collection time: 0.486s 
                          Learning time: 0.537s 
                        Mean value loss: 4.6163
                    Mean surrogate loss: -0.0083
                      Mean entropy loss: 15.1913
                            Mean reward: 759.04
                    Mean episode length: 990.67
                        Mean action std: 0.86
                /rew/similar_to_default: -6.4306
                  /rew/tracking_lin_vel: 46.3807
                  /rew/tracking_ang_vel: 8.6118
                       /rew/action_rate: -6.8304
                         /rew/lin_vel_z: -0.7881
                       /rew/base_height: -0.6903
--------------------------------------------------------------------------------
                         Iteration time: 1.02s
                           Time elapsed: 0:06:08
                                    ETA: 0:02:31

################################################################################
                           Learning iteration 354/500                            

                            Total steps: 34897920 
                       Steps per second: 96495 
                        Collection time: 0.483s 
                          Learning time: 0.536s 
                        Mean value loss: 4.4492
                    Mean surrogate loss: -0.0087
                      Mean entropy loss: 15.1871
                            Mean reward: 767.99
                    Mean episode length: 1000.00
                        Mean action std: 0.86
                /rew/similar_to_default: -6.9890
                  /rew/tracking_lin_vel: 45.8672
                  /rew/tracking_ang_vel: 8.6163
                       /rew/action_rate: -6.9668
                         /rew/lin_vel_z: -0.9289
                       /rew/base_height: -0.6180
--------------------------------------------------------------------------------
                         Iteration time: 1.02s
                           Time elapsed: 0:06:09
                                    ETA: 0:02:30

################################################################################
                           Learning iteration 355/500                            

                            Total steps: 34996224 
                       Steps per second: 96879 
                        Collection time: 0.478s 
                          Learning time: 0.536s 
                        Mean value loss: 3.9509
                    Mean surrogate loss: -0.0081
                      Mean entropy loss: 15.1688
                            Mean reward: 764.27
                    Mean episode length: 992.11
                        Mean action std: 0.86
                /rew/similar_to_default: -7.6291
                  /rew/tracking_lin_vel: 45.5332
                  /rew/tracking_ang_vel: 8.5122
                       /rew/action_rate: -7.2213
                         /rew/lin_vel_z: -0.8960
                       /rew/base_height: -0.5700
--------------------------------------------------------------------------------
                         Iteration time: 1.01s
                           Time elapsed: 0:06:10
                                    ETA: 0:02:29

################################################################################
                           Learning iteration 356/500                            

                            Total steps: 35094528 
                       Steps per second: 96032 
                        Collection time: 0.487s 
                          Learning time: 0.537s 
                        Mean value loss: 5.3275
                    Mean surrogate loss: -0.0078
                      Mean entropy loss: 15.1646
                            Mean reward: 752.24
                    Mean episode length: 979.36
                        Mean action std: 0.86
                /rew/similar_to_default: -7.4994
                  /rew/tracking_lin_vel: 45.1150
                  /rew/tracking_ang_vel: 8.5609
                       /rew/action_rate: -7.1032
                         /rew/lin_vel_z: -1.0032
                       /rew/base_height: -0.6170
--------------------------------------------------------------------------------
                         Iteration time: 1.02s
                           Time elapsed: 0:06:11
                                    ETA: 0:02:28

################################################################################
                           Learning iteration 357/500                            

                            Total steps: 35192832 
                       Steps per second: 95900 
                        Collection time: 0.487s 
                          Learning time: 0.538s 
                        Mean value loss: 5.0572
                    Mean surrogate loss: -0.0083
                      Mean entropy loss: 15.1778
                            Mean reward: 748.75
                    Mean episode length: 981.92
                        Mean action std: 0.86
                /rew/similar_to_default: -7.0136
                  /rew/tracking_lin_vel: 45.8788
                  /rew/tracking_ang_vel: 8.5408
                       /rew/action_rate: -7.0389
                         /rew/lin_vel_z: -0.8896
                       /rew/base_height: -0.7493
--------------------------------------------------------------------------------
                         Iteration time: 1.03s
                           Time elapsed: 0:06:12
                                    ETA: 0:02:27

################################################################################
                           Learning iteration 358/500                            

                            Total steps: 35291136 
                       Steps per second: 96021 
                        Collection time: 0.487s 
                          Learning time: 0.536s 
                        Mean value loss: 5.9802
                    Mean surrogate loss: -0.0065
                      Mean entropy loss: 15.1910
                            Mean reward: 751.11
                    Mean episode length: 972.52
                        Mean action std: 0.86
                /rew/similar_to_default: -6.7785
                  /rew/tracking_lin_vel: 45.8295
                  /rew/tracking_ang_vel: 8.5887
                       /rew/action_rate: -6.8044
                         /rew/lin_vel_z: -0.8681
                       /rew/base_height: -0.6929
--------------------------------------------------------------------------------
                         Iteration time: 1.02s
                           Time elapsed: 0:06:13
                                    ETA: 0:02:26

################################################################################
                           Learning iteration 359/500                            

                            Total steps: 35389440 
                       Steps per second: 96611 
                        Collection time: 0.486s 
                          Learning time: 0.532s 
                        Mean value loss: 5.9218
                    Mean surrogate loss: -0.0079
                      Mean entropy loss: 15.2042
                            Mean reward: 760.36
                    Mean episode length: 986.16
                        Mean action std: 0.86
                /rew/similar_to_default: -6.6084
                  /rew/tracking_lin_vel: 46.4271
                  /rew/tracking_ang_vel: 8.6225
                       /rew/action_rate: -6.6722
                         /rew/lin_vel_z: -0.7433
                       /rew/base_height: -0.6697
--------------------------------------------------------------------------------
                         Iteration time: 1.02s
                           Time elapsed: 0:06:14
                                    ETA: 0:02:25

################################################################################
                           Learning iteration 360/500                            

                            Total steps: 35487744 
                       Steps per second: 96833 
                        Collection time: 0.484s 
                          Learning time: 0.531s 
                        Mean value loss: 6.2914
                    Mean surrogate loss: -0.0072
                      Mean entropy loss: 15.2191
                            Mean reward: 745.34
                    Mean episode length: 972.32
                        Mean action std: 0.86
                /rew/similar_to_default: -7.1496
                  /rew/tracking_lin_vel: 45.6681
                  /rew/tracking_ang_vel: 8.5034
                       /rew/action_rate: -6.9598
                         /rew/lin_vel_z: -0.8861
                       /rew/base_height: -0.6052
--------------------------------------------------------------------------------
                         Iteration time: 1.02s
                           Time elapsed: 0:06:15
                                    ETA: 0:02:24

################################################################################
                           Learning iteration 361/500                            

                            Total steps: 35586048 
                       Steps per second: 97362 
                        Collection time: 0.478s 
                          Learning time: 0.532s 
                        Mean value loss: 4.2281
                    Mean surrogate loss: -0.0071
                      Mean entropy loss: 15.2157
                            Mean reward: 752.28
                    Mean episode length: 980.25
                        Mean action std: 0.86
                /rew/similar_to_default: -7.1876
                  /rew/tracking_lin_vel: 45.8363
                  /rew/tracking_ang_vel: 8.5758
                       /rew/action_rate: -7.0248
                         /rew/lin_vel_z: -0.9459
                       /rew/base_height: -0.7531
--------------------------------------------------------------------------------
                         Iteration time: 1.01s
                           Time elapsed: 0:06:16
                                    ETA: 0:02:23

################################################################################
                           Learning iteration 362/500                            

                            Total steps: 35684352 
                       Steps per second: 96484 
                        Collection time: 0.487s 
                          Learning time: 0.532s 
                        Mean value loss: 4.7914
                    Mean surrogate loss: -0.0084
                      Mean entropy loss: 15.1959
                            Mean reward: 761.36
                    Mean episode length: 986.25
                        Mean action std: 0.86
                /rew/similar_to_default: -6.0676
                  /rew/tracking_lin_vel: 39.4789
                  /rew/tracking_ang_vel: 7.4081
                       /rew/action_rate: -6.1246
                         /rew/lin_vel_z: -0.8402
                       /rew/base_height: -0.6176
--------------------------------------------------------------------------------
                         Iteration time: 1.02s
                           Time elapsed: 0:06:17
                                    ETA: 0:02:22

################################################################################
                           Learning iteration 363/500                            

                            Total steps: 35782656 
                       Steps per second: 96409 
                        Collection time: 0.486s 
                          Learning time: 0.533s 
                        Mean value loss: 4.9011
                    Mean surrogate loss: -0.0069
                      Mean entropy loss: 15.1894
                            Mean reward: 756.89
                    Mean episode length: 979.45
                        Mean action std: 0.86
                /rew/similar_to_default: -7.2473
                  /rew/tracking_lin_vel: 45.6168
                  /rew/tracking_ang_vel: 8.5727
                       /rew/action_rate: -7.0240
                         /rew/lin_vel_z: -0.9496
                       /rew/base_height: -0.5785
--------------------------------------------------------------------------------
                         Iteration time: 1.02s
                           Time elapsed: 0:06:18
                                    ETA: 0:02:21

################################################################################
                           Learning iteration 364/500                            

                            Total steps: 35880960 
                       Steps per second: 96156 
                        Collection time: 0.488s 
                          Learning time: 0.534s 
                        Mean value loss: 4.5279
                    Mean surrogate loss: -0.0080
                      Mean entropy loss: 15.1827
                            Mean reward: 756.79
                    Mean episode length: 980.49
                        Mean action std: 0.86
                /rew/similar_to_default: -6.5960
                  /rew/tracking_lin_vel: 46.4167
                  /rew/tracking_ang_vel: 8.5124
                       /rew/action_rate: -6.7725
                         /rew/lin_vel_z: -0.7810
                       /rew/base_height: -0.6734
--------------------------------------------------------------------------------
                         Iteration time: 1.02s
                           Time elapsed: 0:06:19
                                    ETA: 0:02:20

################################################################################
                           Learning iteration 365/500                            

                            Total steps: 35979264 
                       Steps per second: 97011 
                        Collection time: 0.481s 
                          Learning time: 0.533s 
                        Mean value loss: 5.6591
                    Mean surrogate loss: -0.0071
                      Mean entropy loss: 15.1795
                            Mean reward: 749.97
                    Mean episode length: 971.44
                        Mean action std: 0.86
                /rew/similar_to_default: -7.2265
                  /rew/tracking_lin_vel: 45.5083
                  /rew/tracking_ang_vel: 8.6448
                       /rew/action_rate: -7.1013
                         /rew/lin_vel_z: -0.9347
                       /rew/base_height: -0.6569
--------------------------------------------------------------------------------
                         Iteration time: 1.01s
                           Time elapsed: 0:06:20
                                    ETA: 0:02:19

################################################################################
                           Learning iteration 366/500                            

                            Total steps: 36077568 
                       Steps per second: 96552 
                        Collection time: 0.486s 
                          Learning time: 0.533s 
                        Mean value loss: 3.5747
                    Mean surrogate loss: -0.0084
                      Mean entropy loss: 15.1706
                            Mean reward: 764.49
                    Mean episode length: 990.25
                        Mean action std: 0.86
                /rew/similar_to_default: -7.2157
                  /rew/tracking_lin_vel: 45.2368
                  /rew/tracking_ang_vel: 8.5274
                       /rew/action_rate: -6.9715
                         /rew/lin_vel_z: -0.9463
                       /rew/base_height: -0.5983
--------------------------------------------------------------------------------
                         Iteration time: 1.02s
                           Time elapsed: 0:06:21
                                    ETA: 0:02:18

################################################################################
                           Learning iteration 367/500                            

                            Total steps: 36175872 
                       Steps per second: 96390 
                        Collection time: 0.487s 
                          Learning time: 0.533s 
                        Mean value loss: 5.3337
                    Mean surrogate loss: -0.0070
                      Mean entropy loss: 15.1569
                            Mean reward: 766.25
                    Mean episode length: 992.41
                        Mean action std: 0.86
                /rew/similar_to_default: -6.4397
                  /rew/tracking_lin_vel: 46.2377
                  /rew/tracking_ang_vel: 8.6986
                       /rew/action_rate: -6.6996
                         /rew/lin_vel_z: -0.7992
                       /rew/base_height: -0.7519
--------------------------------------------------------------------------------
                         Iteration time: 1.02s
                           Time elapsed: 0:06:22
                                    ETA: 0:02:17

################################################################################
                           Learning iteration 368/500                            

                            Total steps: 36274176 
                       Steps per second: 96903 
                        Collection time: 0.483s 
                          Learning time: 0.532s 
                        Mean value loss: 4.8866
                    Mean surrogate loss: -0.0078
                      Mean entropy loss: 15.1640
                            Mean reward: 759.06
                    Mean episode length: 987.05
                        Mean action std: 0.86
                /rew/similar_to_default: -7.1301
                  /rew/tracking_lin_vel: 45.4481
                  /rew/tracking_ang_vel: 8.6108
                       /rew/action_rate: -7.0706
                         /rew/lin_vel_z: -1.0077
                       /rew/base_height: -0.6228
--------------------------------------------------------------------------------
                         Iteration time: 1.01s
                           Time elapsed: 0:06:23
                                    ETA: 0:02:16

################################################################################
                           Learning iteration 369/500                            

                            Total steps: 36372480 
                       Steps per second: 96691 
                        Collection time: 0.484s 
                          Learning time: 0.532s 
                        Mean value loss: 4.6879
                    Mean surrogate loss: -0.0080
                      Mean entropy loss: 15.1805
                            Mean reward: 758.13
                    Mean episode length: 985.49
                        Mean action std: 0.86
                /rew/similar_to_default: -6.7769
                  /rew/tracking_lin_vel: 45.7196
                  /rew/tracking_ang_vel: 8.6129
                       /rew/action_rate: -6.9866
                         /rew/lin_vel_z: -0.8759
                       /rew/base_height: -0.6031
--------------------------------------------------------------------------------
                         Iteration time: 1.02s
                           Time elapsed: 0:06:24
                                    ETA: 0:02:15

################################################################################
                           Learning iteration 370/500                            

                            Total steps: 36470784 
                       Steps per second: 96724 
                        Collection time: 0.484s 
                          Learning time: 0.532s 
                        Mean value loss: 4.8737
                    Mean surrogate loss: -0.0075
                      Mean entropy loss: 15.1776
                            Mean reward: 768.96
                    Mean episode length: 992.53
                        Mean action std: 0.86
                /rew/similar_to_default: -7.7615
                  /rew/tracking_lin_vel: 44.9803
                  /rew/tracking_ang_vel: 8.6065
                       /rew/action_rate: -7.1818
                         /rew/lin_vel_z: -0.9712
                       /rew/base_height: -0.6335
--------------------------------------------------------------------------------
                         Iteration time: 1.02s
                           Time elapsed: 0:06:25
                                    ETA: 0:02:14

################################################################################
                           Learning iteration 371/500                            

                            Total steps: 36569088 
                       Steps per second: 97083 
                        Collection time: 0.481s 
                          Learning time: 0.532s 
                        Mean value loss: 3.9268
                    Mean surrogate loss: -0.0077
                      Mean entropy loss: 15.1627
                            Mean reward: 763.83
                    Mean episode length: 982.57
                        Mean action std: 0.86
                /rew/similar_to_default: -7.2433
                  /rew/tracking_lin_vel: 45.0982
                  /rew/tracking_ang_vel: 8.5642
                       /rew/action_rate: -7.1398
                         /rew/lin_vel_z: -1.0457
                       /rew/base_height: -0.6477
--------------------------------------------------------------------------------
                         Iteration time: 1.01s
                           Time elapsed: 0:06:26
                                    ETA: 0:02:12

################################################################################
                           Learning iteration 372/500                            

                            Total steps: 36667392 
                       Steps per second: 96539 
                        Collection time: 0.484s 
                          Learning time: 0.534s 
                        Mean value loss: 3.9344
                    Mean surrogate loss: -0.0084
                      Mean entropy loss: 15.1393
                            Mean reward: 768.80
                    Mean episode length: 986.24
                        Mean action std: 0.86
                /rew/similar_to_default: -6.4315
                  /rew/tracking_lin_vel: 45.4853
                  /rew/tracking_ang_vel: 8.6264
                       /rew/action_rate: -6.9143
                         /rew/lin_vel_z: -0.8720
                       /rew/base_height: -0.6717
--------------------------------------------------------------------------------
                         Iteration time: 1.02s
                           Time elapsed: 0:06:27
                                    ETA: 0:02:11

################################################################################
                           Learning iteration 373/500                            

                            Total steps: 36765696 
                       Steps per second: 96287 
                        Collection time: 0.488s 
                          Learning time: 0.533s 
                        Mean value loss: 4.4628
                    Mean surrogate loss: -0.0080
                      Mean entropy loss: 15.1286
                            Mean reward: 759.22
                    Mean episode length: 980.24
                        Mean action std: 0.85
                /rew/similar_to_default: -6.8795
                  /rew/tracking_lin_vel: 46.3483
                  /rew/tracking_ang_vel: 8.5717
                       /rew/action_rate: -6.9537
                         /rew/lin_vel_z: -0.8825
                       /rew/base_height: -0.7016
--------------------------------------------------------------------------------
                         Iteration time: 1.02s
                           Time elapsed: 0:06:28
                                    ETA: 0:02:10

################################################################################
                           Learning iteration 374/500                            

                            Total steps: 36864000 
                       Steps per second: 96566 
                        Collection time: 0.487s 
                          Learning time: 0.531s 
                        Mean value loss: 3.7484
                    Mean surrogate loss: -0.0077
                      Mean entropy loss: 15.1043
                            Mean reward: 768.72
                    Mean episode length: 990.71
                        Mean action std: 0.85
                /rew/similar_to_default: -6.8401
                  /rew/tracking_lin_vel: 46.1936
                  /rew/tracking_ang_vel: 8.6813
                       /rew/action_rate: -6.7826
                         /rew/lin_vel_z: -0.8276
                       /rew/base_height: -0.6510
--------------------------------------------------------------------------------
                         Iteration time: 1.02s
                           Time elapsed: 0:06:29
                                    ETA: 0:02:09

################################################################################
                           Learning iteration 375/500                            

                            Total steps: 36962304 
                       Steps per second: 96864 
                        Collection time: 0.481s 
                          Learning time: 0.534s 
                        Mean value loss: 5.7244
                    Mean surrogate loss: -0.0067
                      Mean entropy loss: 15.0888
                            Mean reward: 743.09
                    Mean episode length: 966.49
                        Mean action std: 0.85
                /rew/similar_to_default: -7.1802
                  /rew/tracking_lin_vel: 45.9926
                  /rew/tracking_ang_vel: 8.7247
                       /rew/action_rate: -6.8527
                         /rew/lin_vel_z: -0.8613
                       /rew/base_height: -0.6448
--------------------------------------------------------------------------------
                         Iteration time: 1.01s
                           Time elapsed: 0:06:30
                                    ETA: 0:02:08

################################################################################
                           Learning iteration 376/500                            

                            Total steps: 37060608 
                       Steps per second: 96391 
                        Collection time: 0.485s 
                          Learning time: 0.535s 
                        Mean value loss: 5.4336
                    Mean surrogate loss: -0.0068
                      Mean entropy loss: 15.0867
                            Mean reward: 761.70
                    Mean episode length: 990.44
                        Mean action std: 0.85
                /rew/similar_to_default: -7.5847
                  /rew/tracking_lin_vel: 45.4258
                  /rew/tracking_ang_vel: 8.5402
                       /rew/action_rate: -7.0219
                         /rew/lin_vel_z: -1.0189
                       /rew/base_height: -0.6179
--------------------------------------------------------------------------------
                         Iteration time: 1.02s
                           Time elapsed: 0:06:31
                                    ETA: 0:02:07

################################################################################
                           Learning iteration 377/500                            

                            Total steps: 37158912 
                       Steps per second: 95673 
                        Collection time: 0.490s 
                          Learning time: 0.537s 
                        Mean value loss: 4.7139
                    Mean surrogate loss: -0.0078
                      Mean entropy loss: 15.0830
                            Mean reward: 767.69
                    Mean episode length: 992.13
                        Mean action std: 0.85
                /rew/similar_to_default: -7.6067
                  /rew/tracking_lin_vel: 46.1848
                  /rew/tracking_ang_vel: 8.6787
                       /rew/action_rate: -6.8004
                         /rew/lin_vel_z: -0.9683
                       /rew/base_height: -0.5711
--------------------------------------------------------------------------------
                         Iteration time: 1.03s
                           Time elapsed: 0:06:32
                                    ETA: 0:02:06

################################################################################
                           Learning iteration 378/500                            

                            Total steps: 37257216 
                       Steps per second: 96401 
                        Collection time: 0.484s 
                          Learning time: 0.536s 
                        Mean value loss: 4.4237
                    Mean surrogate loss: -0.0069
                      Mean entropy loss: 15.0731
                            Mean reward: 770.16
                    Mean episode length: 993.27
                        Mean action std: 0.85
                /rew/similar_to_default: -7.1291
                  /rew/tracking_lin_vel: 45.9744
                  /rew/tracking_ang_vel: 8.7056
                       /rew/action_rate: -6.9257
                         /rew/lin_vel_z: -0.9559
                       /rew/base_height: -0.6772
--------------------------------------------------------------------------------
                         Iteration time: 1.02s
                           Time elapsed: 0:06:33
                                    ETA: 0:02:05

################################################################################
                           Learning iteration 379/500                            

                            Total steps: 37355520 
                       Steps per second: 96495 
                        Collection time: 0.482s 
                          Learning time: 0.536s 
                        Mean value loss: 4.8276
                    Mean surrogate loss: -0.0082
                      Mean entropy loss: 15.0670
                            Mean reward: 766.83
                    Mean episode length: 988.17
                        Mean action std: 0.85
                /rew/similar_to_default: -6.9379
                  /rew/tracking_lin_vel: 45.5030
                  /rew/tracking_ang_vel: 8.6478
                       /rew/action_rate: -6.7062
                         /rew/lin_vel_z: -0.8382
                       /rew/base_height: -0.6262
--------------------------------------------------------------------------------
                         Iteration time: 1.02s
                           Time elapsed: 0:06:34
                                    ETA: 0:02:04

################################################################################
                           Learning iteration 380/500                            

                            Total steps: 37453824 
                       Steps per second: 95701 
                        Collection time: 0.490s 
                          Learning time: 0.537s 
                        Mean value loss: 4.6037
                    Mean surrogate loss: -0.0081
                      Mean entropy loss: 15.0724
                            Mean reward: 755.73
                    Mean episode length: 975.15
                        Mean action std: 0.85
                /rew/similar_to_default: -6.4383
                  /rew/tracking_lin_vel: 45.5238
                  /rew/tracking_ang_vel: 8.7995
                       /rew/action_rate: -6.8699
                         /rew/lin_vel_z: -0.8372
                       /rew/base_height: -0.6120
--------------------------------------------------------------------------------
                         Iteration time: 1.03s
                           Time elapsed: 0:06:35
                                    ETA: 0:02:03

################################################################################
                           Learning iteration 381/500                            

                            Total steps: 37552128 
                       Steps per second: 96073 
                        Collection time: 0.486s 
                          Learning time: 0.538s 
                        Mean value loss: 5.9185
                    Mean surrogate loss: -0.0064
                      Mean entropy loss: 15.0750
                            Mean reward: 759.84
                    Mean episode length: 972.17
                        Mean action std: 0.85
                /rew/similar_to_default: -6.9275
                  /rew/tracking_lin_vel: 45.6601
                  /rew/tracking_ang_vel: 8.5727
                       /rew/action_rate: -6.9367
                         /rew/lin_vel_z: -0.9081
                       /rew/base_height: -0.6738
--------------------------------------------------------------------------------
                         Iteration time: 1.02s
                           Time elapsed: 0:06:36
                                    ETA: 0:02:02

################################################################################
                           Learning iteration 382/500                            

                            Total steps: 37650432 
                       Steps per second: 96383 
                        Collection time: 0.484s 
                          Learning time: 0.536s 
                        Mean value loss: 4.6067
                    Mean surrogate loss: -0.0081
                      Mean entropy loss: 15.0666
                            Mean reward: 759.53
                    Mean episode length: 981.48
                        Mean action std: 0.85
                /rew/similar_to_default: -7.2779
                  /rew/tracking_lin_vel: 45.5568
                  /rew/tracking_ang_vel: 8.6059
                       /rew/action_rate: -7.0253
                         /rew/lin_vel_z: -1.0044
                       /rew/base_height: -0.6689
--------------------------------------------------------------------------------
                         Iteration time: 1.02s
                           Time elapsed: 0:06:37
                                    ETA: 0:02:01

################################################################################
                           Learning iteration 383/500                            

                            Total steps: 37748736 
                       Steps per second: 96026 
                        Collection time: 0.487s 
                          Learning time: 0.537s 
                        Mean value loss: 4.0219
                    Mean surrogate loss: -0.0073
                      Mean entropy loss: 15.0555
                            Mean reward: 768.09
                    Mean episode length: 986.56
                        Mean action std: 0.85
                /rew/similar_to_default: -7.0218
                  /rew/tracking_lin_vel: 45.6191
                  /rew/tracking_ang_vel: 8.5896
                       /rew/action_rate: -6.9028
                         /rew/lin_vel_z: -0.8950
                       /rew/base_height: -0.6676
--------------------------------------------------------------------------------
                         Iteration time: 1.02s
                           Time elapsed: 0:06:38
                                    ETA: 0:02:00

################################################################################
                           Learning iteration 384/500                            

                            Total steps: 37847040 
                       Steps per second: 96555 
                        Collection time: 0.482s 
                          Learning time: 0.536s 
                        Mean value loss: 5.6897
                    Mean surrogate loss: -0.0062
                      Mean entropy loss: 15.0491
                            Mean reward: 761.73
                    Mean episode length: 979.06
                        Mean action std: 0.85
                /rew/similar_to_default: -7.3489
                  /rew/tracking_lin_vel: 45.6950
                  /rew/tracking_ang_vel: 8.6188
                       /rew/action_rate: -6.9637
                         /rew/lin_vel_z: -0.8941
                       /rew/base_height: -0.6784
--------------------------------------------------------------------------------
                         Iteration time: 1.02s
                           Time elapsed: 0:06:39
                                    ETA: 0:01:59

################################################################################
                           Learning iteration 385/500                            

                            Total steps: 37945344 
                       Steps per second: 96090 
                        Collection time: 0.486s 
                          Learning time: 0.537s 
                        Mean value loss: 4.1802
                    Mean surrogate loss: -0.0081
                      Mean entropy loss: 15.0578
                            Mean reward: 778.32
                    Mean episode length: 1000.00
                        Mean action std: 0.85
                /rew/similar_to_default: -7.0686
                  /rew/tracking_lin_vel: 45.9261
                  /rew/tracking_ang_vel: 8.5730
                       /rew/action_rate: -6.9947
                         /rew/lin_vel_z: -0.8753
                       /rew/base_height: -0.6749
--------------------------------------------------------------------------------
                         Iteration time: 1.02s
                           Time elapsed: 0:06:40
                                    ETA: 0:01:58

################################################################################
                           Learning iteration 386/500                            

                            Total steps: 38043648 
                       Steps per second: 96594 
                        Collection time: 0.481s 
                          Learning time: 0.537s 
                        Mean value loss: 5.3516
                    Mean surrogate loss: -0.0070
                      Mean entropy loss: 15.0538
                            Mean reward: 750.96
                    Mean episode length: 972.21
                        Mean action std: 0.85
                /rew/similar_to_default: -6.9628
                  /rew/tracking_lin_vel: 45.9617
                  /rew/tracking_ang_vel: 8.6132
                       /rew/action_rate: -6.8725
                         /rew/lin_vel_z: -0.8933
                       /rew/base_height: -0.6515
--------------------------------------------------------------------------------
                         Iteration time: 1.02s
                           Time elapsed: 0:06:41
                                    ETA: 0:01:57

################################################################################
                           Learning iteration 387/500                            

                            Total steps: 38141952 
                       Steps per second: 96028 
                        Collection time: 0.487s 
                          Learning time: 0.537s 
                        Mean value loss: 4.5004
                    Mean surrogate loss: -0.0078
                      Mean entropy loss: 15.0572
                            Mean reward: 767.52
                    Mean episode length: 992.23
                        Mean action std: 0.85
                /rew/similar_to_default: -6.8294
                  /rew/tracking_lin_vel: 45.7146
                  /rew/tracking_ang_vel: 8.5932
                       /rew/action_rate: -6.8847
                         /rew/lin_vel_z: -0.8569
                       /rew/base_height: -0.6633
--------------------------------------------------------------------------------
                         Iteration time: 1.02s
                           Time elapsed: 0:06:42
                                    ETA: 0:01:56

################################################################################
                           Learning iteration 388/500                            

                            Total steps: 38240256 
                       Steps per second: 96261 
                        Collection time: 0.485s 
                          Learning time: 0.536s 
                        Mean value loss: 4.4000
                    Mean surrogate loss: -0.0067
                      Mean entropy loss: 15.0521
                            Mean reward: 765.49
                    Mean episode length: 984.33
                        Mean action std: 0.85
                /rew/similar_to_default: -6.7736
                  /rew/tracking_lin_vel: 45.4171
                  /rew/tracking_ang_vel: 8.6313
                       /rew/action_rate: -6.8706
                         /rew/lin_vel_z: -0.8814
                       /rew/base_height: -0.7489
--------------------------------------------------------------------------------
                         Iteration time: 1.02s
                           Time elapsed: 0:06:43
                                    ETA: 0:01:55

################################################################################
                           Learning iteration 389/500                            

                            Total steps: 38338560 
                       Steps per second: 95984 
                        Collection time: 0.487s 
                          Learning time: 0.537s 
                        Mean value loss: 4.7457
                    Mean surrogate loss: -0.0072
                      Mean entropy loss: 15.0440
                            Mean reward: 759.18
                    Mean episode length: 982.28
                        Mean action std: 0.85
                /rew/similar_to_default: -6.9677
                  /rew/tracking_lin_vel: 45.5720
                  /rew/tracking_ang_vel: 8.6629
                       /rew/action_rate: -6.9300
                         /rew/lin_vel_z: -0.8945
                       /rew/base_height: -0.6520
--------------------------------------------------------------------------------
                         Iteration time: 1.02s
                           Time elapsed: 0:06:44
                                    ETA: 0:01:54

################################################################################
                           Learning iteration 390/500                            

                            Total steps: 38436864 
                       Steps per second: 95981 
                        Collection time: 0.487s 
                          Learning time: 0.538s 
                        Mean value loss: 4.9036
                    Mean surrogate loss: -0.0066
                      Mean entropy loss: 15.0453
                            Mean reward: 754.07
                    Mean episode length: 976.97
                        Mean action std: 0.85
                /rew/similar_to_default: -7.2799
                  /rew/tracking_lin_vel: 45.5962
                  /rew/tracking_ang_vel: 8.7192
                       /rew/action_rate: -6.9487
                         /rew/lin_vel_z: -0.9947
                       /rew/base_height: -0.7149
--------------------------------------------------------------------------------
                         Iteration time: 1.02s
                           Time elapsed: 0:06:45
                                    ETA: 0:01:53

################################################################################
                           Learning iteration 391/500                            

                            Total steps: 38535168 
                       Steps per second: 96429 
                        Collection time: 0.482s 
                          Learning time: 0.537s 
                        Mean value loss: 5.3250
                    Mean surrogate loss: -0.0071
                      Mean entropy loss: 15.0547
                            Mean reward: 763.26
                    Mean episode length: 983.98
                        Mean action std: 0.85
                /rew/similar_to_default: -6.6894
                  /rew/tracking_lin_vel: 42.2136
                  /rew/tracking_ang_vel: 8.0517
                       /rew/action_rate: -6.5993
                         /rew/lin_vel_z: -0.9033
                       /rew/base_height: -0.6027
--------------------------------------------------------------------------------
                         Iteration time: 1.02s
                           Time elapsed: 0:06:46
                                    ETA: 0:01:52

################################################################################
                           Learning iteration 392/500                            

                            Total steps: 38633472 
                       Steps per second: 96018 
                        Collection time: 0.488s 
                          Learning time: 0.536s 
                        Mean value loss: 5.8692
                    Mean surrogate loss: -0.0072
                      Mean entropy loss: 15.0649
                            Mean reward: 767.94
                    Mean episode length: 986.39
                        Mean action std: 0.85
                /rew/similar_to_default: -6.3948
                  /rew/tracking_lin_vel: 46.7373
                  /rew/tracking_ang_vel: 8.6384
                       /rew/action_rate: -6.6005
                         /rew/lin_vel_z: -0.8238
                       /rew/base_height: -0.6716
--------------------------------------------------------------------------------
                         Iteration time: 1.02s
                           Time elapsed: 0:06:47
                                    ETA: 0:01:51

################################################################################
                           Learning iteration 393/500                            

                            Total steps: 38731776 
                       Steps per second: 96097 
                        Collection time: 0.486s 
                          Learning time: 0.537s 
                        Mean value loss: 5.0767
                    Mean surrogate loss: -0.0073
                      Mean entropy loss: 15.0748
                            Mean reward: 760.05
                    Mean episode length: 976.97
                        Mean action std: 0.85
                /rew/similar_to_default: -7.1744
                  /rew/tracking_lin_vel: 45.7221
                  /rew/tracking_ang_vel: 8.6260
                       /rew/action_rate: -6.9847
                         /rew/lin_vel_z: -0.9026
                       /rew/base_height: -0.5967
--------------------------------------------------------------------------------
                         Iteration time: 1.02s
                           Time elapsed: 0:06:48
                                    ETA: 0:01:50

################################################################################
                           Learning iteration 394/500                            

                            Total steps: 38830080 
                       Steps per second: 95932 
                        Collection time: 0.487s 
                          Learning time: 0.537s 
                        Mean value loss: 4.0272
                    Mean surrogate loss: -0.0080
                      Mean entropy loss: 15.0625
                            Mean reward: 778.60
                    Mean episode length: 1000.00
                        Mean action std: 0.85
                /rew/similar_to_default: -7.0360
                  /rew/tracking_lin_vel: 45.3690
                  /rew/tracking_ang_vel: 8.6582
                       /rew/action_rate: -7.0611
                         /rew/lin_vel_z: -0.9510
                       /rew/base_height: -0.6793
--------------------------------------------------------------------------------
                         Iteration time: 1.02s
                           Time elapsed: 0:06:49
                                    ETA: 0:01:48

################################################################################
                           Learning iteration 395/500                            

                            Total steps: 38928384 
                       Steps per second: 96050 
                        Collection time: 0.488s 
                          Learning time: 0.535s 
                        Mean value loss: 4.0260
                    Mean surrogate loss: -0.0083
                      Mean entropy loss: 15.0556
                            Mean reward: 768.63
                    Mean episode length: 986.19
                        Mean action std: 0.85
                /rew/similar_to_default: -6.7747
                  /rew/tracking_lin_vel: 45.6034
                  /rew/tracking_ang_vel: 8.6155
                       /rew/action_rate: -6.9850
                         /rew/lin_vel_z: -0.8749
                       /rew/base_height: -0.6529
--------------------------------------------------------------------------------
                         Iteration time: 1.02s
                           Time elapsed: 0:06:50
                                    ETA: 0:01:47

################################################################################
                           Learning iteration 396/500                            

                            Total steps: 39026688 
                       Steps per second: 96007 
                        Collection time: 0.487s 
                          Learning time: 0.537s 
                        Mean value loss: 4.2740
                    Mean surrogate loss: -0.0076
                      Mean entropy loss: 15.0393
                            Mean reward: 759.14
                    Mean episode length: 970.22
                        Mean action std: 0.85
                /rew/similar_to_default: -6.7693
                  /rew/tracking_lin_vel: 46.1572
                  /rew/tracking_ang_vel: 8.7456
                       /rew/action_rate: -6.9395
                         /rew/lin_vel_z: -0.8037
                       /rew/base_height: -0.6661
--------------------------------------------------------------------------------
                         Iteration time: 1.02s
                           Time elapsed: 0:06:51
                                    ETA: 0:01:46

################################################################################
                           Learning iteration 397/500                            

                            Total steps: 39124992 
                       Steps per second: 97084 
                        Collection time: 0.477s 
                          Learning time: 0.536s 
                        Mean value loss: 3.7020
                    Mean surrogate loss: -0.0084
                      Mean entropy loss: 15.0180
                            Mean reward: 781.39
                    Mean episode length: 1000.00
                        Mean action std: 0.85
                /rew/similar_to_default: -6.8852
                  /rew/tracking_lin_vel: 46.2307
                  /rew/tracking_ang_vel: 8.6217
                       /rew/action_rate: -6.9032
                         /rew/lin_vel_z: -0.8784
                       /rew/base_height: -0.7700
--------------------------------------------------------------------------------
                         Iteration time: 1.01s
                           Time elapsed: 0:06:52
                                    ETA: 0:01:45

################################################################################
                           Learning iteration 398/500                            

                            Total steps: 39223296 
                       Steps per second: 96166 
                        Collection time: 0.486s 
                          Learning time: 0.536s 
                        Mean value loss: 5.6378
                    Mean surrogate loss: -0.0071
                      Mean entropy loss: 15.0174
                            Mean reward: 761.54
                    Mean episode length: 974.80
                        Mean action std: 0.85
                /rew/similar_to_default: -6.8485
                  /rew/tracking_lin_vel: 46.3534
                  /rew/tracking_ang_vel: 8.5375
                       /rew/action_rate: -6.9380
                         /rew/lin_vel_z: -0.8874
                       /rew/base_height: -0.6404
--------------------------------------------------------------------------------
                         Iteration time: 1.02s
                           Time elapsed: 0:06:54
                                    ETA: 0:01:44

################################################################################
                           Learning iteration 399/500                            

                            Total steps: 39321600 
                       Steps per second: 95493 
                        Collection time: 0.491s 
                          Learning time: 0.538s 
                        Mean value loss: 4.5661
                    Mean surrogate loss: -0.0072
                      Mean entropy loss: 15.0202
                            Mean reward: 752.27
                    Mean episode length: 962.79
                        Mean action std: 0.85
                /rew/similar_to_default: -6.7069
                  /rew/tracking_lin_vel: 45.8818
                  /rew/tracking_ang_vel: 8.6288
                       /rew/action_rate: -6.7902
                         /rew/lin_vel_z: -0.8306
                       /rew/base_height: -0.7591
--------------------------------------------------------------------------------
                         Iteration time: 1.03s
                           Time elapsed: 0:06:55
                                    ETA: 0:01:43

################################################################################
                           Learning iteration 400/500                            

                            Total steps: 39419904 
                       Steps per second: 96206 
                        Collection time: 0.487s 
                          Learning time: 0.535s 
                        Mean value loss: 5.2179
                    Mean surrogate loss: -0.0076
                      Mean entropy loss: 15.0149
                            Mean reward: 762.18
                    Mean episode length: 977.13
                        Mean action std: 0.85
                /rew/similar_to_default: -7.0876
                  /rew/tracking_lin_vel: 45.0592
                  /rew/tracking_ang_vel: 8.5555
                       /rew/action_rate: -7.0702
                         /rew/lin_vel_z: -1.0115
                       /rew/base_height: -0.6590
--------------------------------------------------------------------------------
                         Iteration time: 1.02s
                           Time elapsed: 0:06:56
                                    ETA: 0:01:42

################################################################################
                           Learning iteration 401/500                            

                            Total steps: 39518208 
                       Steps per second: 95998 
                        Collection time: 0.487s 
                          Learning time: 0.537s 
                        Mean value loss: 6.8977
                    Mean surrogate loss: -0.0066
                      Mean entropy loss: 15.0129
                            Mean reward: 748.73
                    Mean episode length: 961.91
                        Mean action std: 0.85
                /rew/similar_to_default: -5.8486
                  /rew/tracking_lin_vel: 41.5881
                  /rew/tracking_ang_vel: 7.7906
                       /rew/action_rate: -6.0187
                         /rew/lin_vel_z: -0.7795
                       /rew/base_height: -0.7009
--------------------------------------------------------------------------------
                         Iteration time: 1.02s
                           Time elapsed: 0:06:57
                                    ETA: 0:01:41

################################################################################
                           Learning iteration 402/500                            

                            Total steps: 39616512 
                       Steps per second: 96114 
                        Collection time: 0.487s 
                          Learning time: 0.536s 
                        Mean value loss: 5.0793
                    Mean surrogate loss: -0.0075
                      Mean entropy loss: 15.0135
                            Mean reward: 751.67
                    Mean episode length: 967.28
                        Mean action std: 0.85
                /rew/similar_to_default: -6.7620
                  /rew/tracking_lin_vel: 45.6804
                  /rew/tracking_ang_vel: 8.6500
                       /rew/action_rate: -6.8639
                         /rew/lin_vel_z: -0.8705
                       /rew/base_height: -0.6571
--------------------------------------------------------------------------------
                         Iteration time: 1.02s
                           Time elapsed: 0:06:58
                                    ETA: 0:01:40

################################################################################
                           Learning iteration 403/500                            

                            Total steps: 39714816 
                       Steps per second: 95986 
                        Collection time: 0.488s 
                          Learning time: 0.536s 
                        Mean value loss: 4.1930
                    Mean surrogate loss: -0.0077
                      Mean entropy loss: 14.9986
                            Mean reward: 777.86
                    Mean episode length: 993.73
                        Mean action std: 0.84
                /rew/similar_to_default: -7.2965
                  /rew/tracking_lin_vel: 45.3601
                  /rew/tracking_ang_vel: 8.5674
                       /rew/action_rate: -7.1325
                         /rew/lin_vel_z: -0.9808
                       /rew/base_height: -0.6663
--------------------------------------------------------------------------------
                         Iteration time: 1.02s
                           Time elapsed: 0:06:59
                                    ETA: 0:01:39

################################################################################
                           Learning iteration 404/500                            

                            Total steps: 39813120 
                       Steps per second: 96103 
                        Collection time: 0.486s 
                          Learning time: 0.537s 
                        Mean value loss: 4.2481
                    Mean surrogate loss: -0.0070
                      Mean entropy loss: 14.9889
                            Mean reward: 771.35
                    Mean episode length: 995.46
                        Mean action std: 0.84
                /rew/similar_to_default: -7.0902
                  /rew/tracking_lin_vel: 45.2885
                  /rew/tracking_ang_vel: 8.6075
                       /rew/action_rate: -6.9237
                         /rew/lin_vel_z: -0.9184
                       /rew/base_height: -0.7030
--------------------------------------------------------------------------------
                         Iteration time: 1.02s
                           Time elapsed: 0:07:00
                                    ETA: 0:01:38

################################################################################
                           Learning iteration 405/500                            

                            Total steps: 39911424 
                       Steps per second: 96041 
                        Collection time: 0.488s 
                          Learning time: 0.535s 
                        Mean value loss: 3.9864
                    Mean surrogate loss: -0.0082
                      Mean entropy loss: 14.9827
                            Mean reward: 774.43
                    Mean episode length: 990.39
                        Mean action std: 0.84
                /rew/similar_to_default: -7.0258
                  /rew/tracking_lin_vel: 45.7573
                  /rew/tracking_ang_vel: 8.6362
                       /rew/action_rate: -6.9156
                         /rew/lin_vel_z: -0.9813
                       /rew/base_height: -0.7235
--------------------------------------------------------------------------------
                         Iteration time: 1.02s
                           Time elapsed: 0:07:01
                                    ETA: 0:01:37

################################################################################
                           Learning iteration 406/500                            

                            Total steps: 40009728 
                       Steps per second: 95980 
                        Collection time: 0.489s 
                          Learning time: 0.536s 
                        Mean value loss: 4.2015
                    Mean surrogate loss: -0.0077
                      Mean entropy loss: 14.9799
                            Mean reward: 763.53
                    Mean episode length: 977.00
                        Mean action std: 0.84
                /rew/similar_to_default: -6.8663
                  /rew/tracking_lin_vel: 45.9008
                  /rew/tracking_ang_vel: 8.6562
                       /rew/action_rate: -7.0202
                         /rew/lin_vel_z: -0.8829
                       /rew/base_height: -0.6699
--------------------------------------------------------------------------------
                         Iteration time: 1.02s
                           Time elapsed: 0:07:02
                                    ETA: 0:01:36

################################################################################
                           Learning iteration 407/500                            

                            Total steps: 40108032 
                       Steps per second: 96678 
                        Collection time: 0.482s 
                          Learning time: 0.535s 
                        Mean value loss: 5.3137
                    Mean surrogate loss: -0.0080
                      Mean entropy loss: 14.9729
                            Mean reward: 768.53
                    Mean episode length: 984.58
                        Mean action std: 0.84
                /rew/similar_to_default: -7.9224
                  /rew/tracking_lin_vel: 45.0178
                  /rew/tracking_ang_vel: 8.6040
                       /rew/action_rate: -7.2003
                         /rew/lin_vel_z: -1.1316
                       /rew/base_height: -0.6886
--------------------------------------------------------------------------------
                         Iteration time: 1.02s
                           Time elapsed: 0:07:03
                                    ETA: 0:01:35

################################################################################
                           Learning iteration 408/500                            

                            Total steps: 40206336 
                       Steps per second: 96311 
                        Collection time: 0.485s 
                          Learning time: 0.536s 
                        Mean value loss: 4.5214
                    Mean surrogate loss: -0.0079
                      Mean entropy loss: 14.9672
                            Mean reward: 770.83
                    Mean episode length: 980.98
                        Mean action std: 0.84
                /rew/similar_to_default: -6.3670
                  /rew/tracking_lin_vel: 46.0054
                  /rew/tracking_ang_vel: 8.6383
                       /rew/action_rate: -6.7953
                         /rew/lin_vel_z: -0.8640
                       /rew/base_height: -0.7328
--------------------------------------------------------------------------------
                         Iteration time: 1.02s
                           Time elapsed: 0:07:04
                                    ETA: 0:01:34

################################################################################
                           Learning iteration 409/500                            

                            Total steps: 40304640 
                       Steps per second: 96112 
                        Collection time: 0.488s 
                          Learning time: 0.535s 
                        Mean value loss: 5.2676
                    Mean surrogate loss: -0.0072
                      Mean entropy loss: 14.9742
                            Mean reward: 773.12
                    Mean episode length: 986.28
                        Mean action std: 0.84
                /rew/similar_to_default: -6.4177
                  /rew/tracking_lin_vel: 46.1926
                  /rew/tracking_ang_vel: 8.7050
                       /rew/action_rate: -6.6634
                         /rew/lin_vel_z: -0.7936
                       /rew/base_height: -0.7007
--------------------------------------------------------------------------------
                         Iteration time: 1.02s
                           Time elapsed: 0:07:05
                                    ETA: 0:01:33

################################################################################
                           Learning iteration 410/500                            

                            Total steps: 40402944 
                       Steps per second: 96452 
                        Collection time: 0.482s 
                          Learning time: 0.537s 
                        Mean value loss: 6.3679
                    Mean surrogate loss: -0.0064
                      Mean entropy loss: 14.9906
                            Mean reward: 748.82
                    Mean episode length: 959.65
                        Mean action std: 0.85
                /rew/similar_to_default: -7.1517
                  /rew/tracking_lin_vel: 45.3776
                  /rew/tracking_ang_vel: 8.6051
                       /rew/action_rate: -7.0223
                         /rew/lin_vel_z: -0.9344
                       /rew/base_height: -0.7583
--------------------------------------------------------------------------------
                         Iteration time: 1.02s
                           Time elapsed: 0:07:06
                                    ETA: 0:01:32

################################################################################
                           Learning iteration 411/500                            

                            Total steps: 40501248 
                       Steps per second: 96295 
                        Collection time: 0.484s 
                          Learning time: 0.537s 
                        Mean value loss: 4.8000
                    Mean surrogate loss: -0.0075
                      Mean entropy loss: 14.9970
                            Mean reward: 772.23
                    Mean episode length: 985.26
                        Mean action std: 0.84
                /rew/similar_to_default: -6.1867
                  /rew/tracking_lin_vel: 46.1082
                  /rew/tracking_ang_vel: 8.7080
                       /rew/action_rate: -6.4865
                         /rew/lin_vel_z: -0.7643
                       /rew/base_height: -0.7731
--------------------------------------------------------------------------------
                         Iteration time: 1.02s
                           Time elapsed: 0:07:07
                                    ETA: 0:01:31

################################################################################
                           Learning iteration 412/500                            

                            Total steps: 40599552 
                       Steps per second: 96090 
                        Collection time: 0.487s 
                          Learning time: 0.536s 
                        Mean value loss: 4.8883
                    Mean surrogate loss: -0.0076
                      Mean entropy loss: 14.9844
                            Mean reward: 772.43
                    Mean episode length: 980.54
                        Mean action std: 0.84
                /rew/similar_to_default: -7.2339
                  /rew/tracking_lin_vel: 45.6917
                  /rew/tracking_ang_vel: 8.6432
                       /rew/action_rate: -6.8943
                         /rew/lin_vel_z: -0.9044
                       /rew/base_height: -0.6346
--------------------------------------------------------------------------------
                         Iteration time: 1.02s
                           Time elapsed: 0:07:08
                                    ETA: 0:01:30

################################################################################
                           Learning iteration 413/500                            

                            Total steps: 40697856 
                       Steps per second: 96502 
                        Collection time: 0.482s 
                          Learning time: 0.537s 
                        Mean value loss: 4.5079
                    Mean surrogate loss: -0.0063
                      Mean entropy loss: 14.9814
                            Mean reward: 767.09
                    Mean episode length: 982.71
                        Mean action std: 0.84
                /rew/similar_to_default: -6.8896
                  /rew/tracking_lin_vel: 45.6746
                  /rew/tracking_ang_vel: 8.6704
                       /rew/action_rate: -6.9455
                         /rew/lin_vel_z: -0.9119
                       /rew/base_height: -0.6764
--------------------------------------------------------------------------------
                         Iteration time: 1.02s
                           Time elapsed: 0:07:09
                                    ETA: 0:01:29

################################################################################
                           Learning iteration 414/500                            

                            Total steps: 40796160 
                       Steps per second: 96351 
                        Collection time: 0.487s 
                          Learning time: 0.534s 
                        Mean value loss: 4.7249
                    Mean surrogate loss: -0.0069
                      Mean entropy loss: 14.9661
                            Mean reward: 772.53
                    Mean episode length: 979.41
                        Mean action std: 0.84
                /rew/similar_to_default: -6.9966
                  /rew/tracking_lin_vel: 45.3249
                  /rew/tracking_ang_vel: 8.5782
                       /rew/action_rate: -6.9848
                         /rew/lin_vel_z: -0.8993
                       /rew/base_height: -0.6731
--------------------------------------------------------------------------------
                         Iteration time: 1.02s
                           Time elapsed: 0:07:10
                                    ETA: 0:01:28

################################################################################
                           Learning iteration 415/500                            

                            Total steps: 40894464 
                       Steps per second: 96695 
                        Collection time: 0.485s 
                          Learning time: 0.532s 
                        Mean value loss: 3.7045
                    Mean surrogate loss: -0.0086
                      Mean entropy loss: 14.9405
                            Mean reward: 779.52
                    Mean episode length: 996.17
                        Mean action std: 0.84
                /rew/similar_to_default: -6.8466
                  /rew/tracking_lin_vel: 46.0354
                  /rew/tracking_ang_vel: 8.7696
                       /rew/action_rate: -6.5678
                         /rew/lin_vel_z: -0.8569
                       /rew/base_height: -0.7272
--------------------------------------------------------------------------------
                         Iteration time: 1.02s
                           Time elapsed: 0:07:11
                                    ETA: 0:01:27

################################################################################
                           Learning iteration 416/500                            

                            Total steps: 40992768 
                       Steps per second: 96926 
                        Collection time: 0.481s 
                          Learning time: 0.533s 
                        Mean value loss: 3.3712
                    Mean surrogate loss: -0.0082
                      Mean entropy loss: 14.9295
                            Mean reward: 781.03
                    Mean episode length: 987.34
                        Mean action std: 0.84
                /rew/similar_to_default: -6.3701
                  /rew/tracking_lin_vel: 46.3914
                  /rew/tracking_ang_vel: 8.6616
                       /rew/action_rate: -6.6173
                         /rew/lin_vel_z: -0.7801
                       /rew/base_height: -0.7329
--------------------------------------------------------------------------------
                         Iteration time: 1.01s
                           Time elapsed: 0:07:12
                                    ETA: 0:01:26

################################################################################
                           Learning iteration 417/500                            

                            Total steps: 41091072 
                       Steps per second: 96742 
                        Collection time: 0.485s 
                          Learning time: 0.531s 
                        Mean value loss: 5.2964
                    Mean surrogate loss: -0.0075
                      Mean entropy loss: 14.9258
                            Mean reward: 768.46
                    Mean episode length: 981.14
                        Mean action std: 0.84
                /rew/similar_to_default: -6.6562
                  /rew/tracking_lin_vel: 45.6379
                  /rew/tracking_ang_vel: 8.6700
                       /rew/action_rate: -6.7704
                         /rew/lin_vel_z: -0.8540
                       /rew/base_height: -0.7108
--------------------------------------------------------------------------------
                         Iteration time: 1.02s
                           Time elapsed: 0:07:13
                                    ETA: 0:01:25

################################################################################
                           Learning iteration 418/500                            

                            Total steps: 41189376 
                       Steps per second: 96624 
                        Collection time: 0.486s 
                          Learning time: 0.532s 
                        Mean value loss: 5.4643
                    Mean surrogate loss: -0.0065
                      Mean entropy loss: 14.9350
                            Mean reward: 758.05
                    Mean episode length: 973.99
                        Mean action std: 0.84
                /rew/similar_to_default: -6.7285
                  /rew/tracking_lin_vel: 45.7606
                  /rew/tracking_ang_vel: 8.6314
                       /rew/action_rate: -6.7644
                         /rew/lin_vel_z: -0.8467
                       /rew/base_height: -0.7193
--------------------------------------------------------------------------------
                         Iteration time: 1.02s
                           Time elapsed: 0:07:14
                                    ETA: 0:01:23

################################################################################
                           Learning iteration 419/500                            

                            Total steps: 41287680 
                       Steps per second: 96427 
                        Collection time: 0.487s 
                          Learning time: 0.533s 
                        Mean value loss: 4.1072
                    Mean surrogate loss: -0.0074
                      Mean entropy loss: 14.9286
                            Mean reward: 784.78
                    Mean episode length: 996.14
                        Mean action std: 0.84
                /rew/similar_to_default: -7.2900
                  /rew/tracking_lin_vel: 45.8354
                  /rew/tracking_ang_vel: 8.7243
                       /rew/action_rate: -6.9267
                         /rew/lin_vel_z: -0.9710
                       /rew/base_height: -0.6344
--------------------------------------------------------------------------------
                         Iteration time: 1.02s
                           Time elapsed: 0:07:15
                                    ETA: 0:01:22

################################################################################
                           Learning iteration 420/500                            

                            Total steps: 41385984 
                       Steps per second: 96740 
                        Collection time: 0.484s 
                          Learning time: 0.533s 
                        Mean value loss: 4.5147
                    Mean surrogate loss: -0.0071
                      Mean entropy loss: 14.9123
                            Mean reward: 778.74
                    Mean episode length: 988.11
                        Mean action std: 0.84
                /rew/similar_to_default: -6.1688
                  /rew/tracking_lin_vel: 46.1735
                  /rew/tracking_ang_vel: 8.6929
                       /rew/action_rate: -6.5062
                         /rew/lin_vel_z: -0.7256
                       /rew/base_height: -0.7883
--------------------------------------------------------------------------------
                         Iteration time: 1.02s
                           Time elapsed: 0:07:16
                                    ETA: 0:01:21

################################################################################
                           Learning iteration 421/500                            

                            Total steps: 41484288 
                       Steps per second: 96284 
                        Collection time: 0.483s 
                          Learning time: 0.538s 
                        Mean value loss: 3.2544
                    Mean surrogate loss: -0.0075
                      Mean entropy loss: 14.9002
                            Mean reward: 794.15
                    Mean episode length: 1000.00
                        Mean action std: 0.84
                /rew/similar_to_default: -6.0221
                  /rew/tracking_lin_vel: 46.7150
                  /rew/tracking_ang_vel: 8.7561
                       /rew/action_rate: -6.3810
                         /rew/lin_vel_z: -0.6503
                       /rew/base_height: -0.7791
--------------------------------------------------------------------------------
                         Iteration time: 1.02s
                           Time elapsed: 0:07:17
                                    ETA: 0:01:20

################################################################################
                           Learning iteration 422/500                            

                            Total steps: 41582592 
                       Steps per second: 96848 
                        Collection time: 0.483s 
                          Learning time: 0.532s 
                        Mean value loss: 3.4105
                    Mean surrogate loss: -0.0072
                      Mean entropy loss: 14.8962
                            Mean reward: 790.58
                    Mean episode length: 1000.00
                        Mean action std: 0.84
                /rew/similar_to_default: -6.8462
                  /rew/tracking_lin_vel: 46.0893
                  /rew/tracking_ang_vel: 8.6468
                       /rew/action_rate: -6.7442
                         /rew/lin_vel_z: -0.8678
                       /rew/base_height: -0.7209
--------------------------------------------------------------------------------
                         Iteration time: 1.02s
                           Time elapsed: 0:07:18
                                    ETA: 0:01:19

################################################################################
                           Learning iteration 423/500                            

                            Total steps: 41680896 
                       Steps per second: 96835 
                        Collection time: 0.485s 
                          Learning time: 0.530s 
                        Mean value loss: 3.7585
                    Mean surrogate loss: -0.0090
                      Mean entropy loss: 14.8749
                            Mean reward: 786.05
                    Mean episode length: 1000.00
                        Mean action std: 0.84
                /rew/similar_to_default: -7.2376
                  /rew/tracking_lin_vel: 44.7861
                  /rew/tracking_ang_vel: 8.5507
                       /rew/action_rate: -6.9846
                         /rew/lin_vel_z: -0.9390
                       /rew/base_height: -0.7618
--------------------------------------------------------------------------------
                         Iteration time: 1.02s
                           Time elapsed: 0:07:19
                                    ETA: 0:01:18

################################################################################
                           Learning iteration 424/500                            

                            Total steps: 41779200 
                       Steps per second: 96583 
                        Collection time: 0.486s 
                          Learning time: 0.532s 
                        Mean value loss: 3.8692
                    Mean surrogate loss: -0.0088
                      Mean entropy loss: 14.8572
                            Mean reward: 789.51
                    Mean episode length: 1000.00
                        Mean action std: 0.84
                /rew/similar_to_default: -6.9539
                  /rew/tracking_lin_vel: 45.8210
                  /rew/tracking_ang_vel: 8.7085
                       /rew/action_rate: -6.9947
                         /rew/lin_vel_z: -0.9459
                       /rew/base_height: -0.6966
--------------------------------------------------------------------------------
                         Iteration time: 1.02s
                           Time elapsed: 0:07:20
                                    ETA: 0:01:17

################################################################################
                           Learning iteration 425/500                            

                            Total steps: 41877504 
                       Steps per second: 96253 
                        Collection time: 0.486s 
                          Learning time: 0.535s 
                        Mean value loss: 4.8590
                    Mean surrogate loss: -0.0074
                      Mean entropy loss: 14.8617
                            Mean reward: 768.59
                    Mean episode length: 989.46
                        Mean action std: 0.84
                /rew/similar_to_default: -6.4712
                  /rew/tracking_lin_vel: 38.9081
                  /rew/tracking_ang_vel: 7.3535
                       /rew/action_rate: -6.0849
                         /rew/lin_vel_z: -0.9132
                       /rew/base_height: -0.5430
--------------------------------------------------------------------------------
                         Iteration time: 1.02s
                           Time elapsed: 0:07:21
                                    ETA: 0:01:16

################################################################################
                           Learning iteration 426/500                            

                            Total steps: 41975808 
                       Steps per second: 95956 
                        Collection time: 0.487s 
                          Learning time: 0.537s 
                        Mean value loss: 3.7210
                    Mean surrogate loss: -0.0078
                      Mean entropy loss: 14.8510
                            Mean reward: 785.48
                    Mean episode length: 997.16
                        Mean action std: 0.83
                /rew/similar_to_default: -6.3009
                  /rew/tracking_lin_vel: 46.3926
                  /rew/tracking_ang_vel: 8.6816
                       /rew/action_rate: -6.5330
                         /rew/lin_vel_z: -0.7875
                       /rew/base_height: -0.7012
--------------------------------------------------------------------------------
                         Iteration time: 1.02s
                           Time elapsed: 0:07:22
                                    ETA: 0:01:15

################################################################################
                           Learning iteration 427/500                            

                            Total steps: 42074112 
                       Steps per second: 96509 
                        Collection time: 0.484s 
                          Learning time: 0.535s 
                        Mean value loss: 4.9657
                    Mean surrogate loss: -0.0071
                      Mean entropy loss: 14.8408
                            Mean reward: 764.94
                    Mean episode length: 981.16
                        Mean action std: 0.83
                /rew/similar_to_default: -7.6293
                  /rew/tracking_lin_vel: 44.8410
                  /rew/tracking_ang_vel: 8.6883
                       /rew/action_rate: -7.1092
                         /rew/lin_vel_z: -1.0295
                       /rew/base_height: -0.5846
--------------------------------------------------------------------------------
                         Iteration time: 1.02s
                           Time elapsed: 0:07:23
                                    ETA: 0:01:14

################################################################################
                           Learning iteration 428/500                            

                            Total steps: 42172416 
                       Steps per second: 95972 
                        Collection time: 0.488s 
                          Learning time: 0.537s 
                        Mean value loss: 4.2834
                    Mean surrogate loss: -0.0071
                      Mean entropy loss: 14.8503
                            Mean reward: 776.23
                    Mean episode length: 985.70
                        Mean action std: 0.83
                /rew/similar_to_default: -6.4961
                  /rew/tracking_lin_vel: 45.5228
                  /rew/tracking_ang_vel: 8.6483
                       /rew/action_rate: -6.9264
                         /rew/lin_vel_z: -1.0038
                       /rew/base_height: -0.7553
--------------------------------------------------------------------------------
                         Iteration time: 1.02s
                           Time elapsed: 0:07:24
                                    ETA: 0:01:13

################################################################################
                           Learning iteration 429/500                            

                            Total steps: 42270720 
                       Steps per second: 95493 
                        Collection time: 0.491s 
                          Learning time: 0.538s 
                        Mean value loss: 4.6790
                    Mean surrogate loss: -0.0066
                      Mean entropy loss: 14.8504
                            Mean reward: 772.53
                    Mean episode length: 979.06
                        Mean action std: 0.83
                /rew/similar_to_default: -6.6847
                  /rew/tracking_lin_vel: 45.4861
                  /rew/tracking_ang_vel: 8.6246
                       /rew/action_rate: -6.7643
                         /rew/lin_vel_z: -0.9293
                       /rew/base_height: -0.7106
--------------------------------------------------------------------------------
                         Iteration time: 1.03s
                           Time elapsed: 0:07:25
                                    ETA: 0:01:12

################################################################################
                           Learning iteration 430/500                            

                            Total steps: 42369024 
                       Steps per second: 95964 
                        Collection time: 0.489s 
                          Learning time: 0.536s 
                        Mean value loss: 4.3116
                    Mean surrogate loss: -0.0070
                      Mean entropy loss: 14.8434
                            Mean reward: 768.98
                    Mean episode length: 980.07
                        Mean action std: 0.83
                /rew/similar_to_default: -6.6642
                  /rew/tracking_lin_vel: 45.5052
                  /rew/tracking_ang_vel: 8.6397
                       /rew/action_rate: -6.6779
                         /rew/lin_vel_z: -0.8270
                       /rew/base_height: -0.7248
--------------------------------------------------------------------------------
                         Iteration time: 1.02s
                           Time elapsed: 0:07:26
                                    ETA: 0:01:11

################################################################################
                           Learning iteration 431/500                            

                            Total steps: 42467328 
                       Steps per second: 95982 
                        Collection time: 0.488s 
                          Learning time: 0.536s 
                        Mean value loss: 4.9258
                    Mean surrogate loss: -0.0069
                      Mean entropy loss: 14.8335
                            Mean reward: 784.07
                    Mean episode length: 990.10
                        Mean action std: 0.83
                /rew/similar_to_default: -6.2853
                  /rew/tracking_lin_vel: 46.0606
                  /rew/tracking_ang_vel: 8.6352
                       /rew/action_rate: -6.6555
                         /rew/lin_vel_z: -0.8578
                       /rew/base_height: -0.7708
--------------------------------------------------------------------------------
                         Iteration time: 1.02s
                           Time elapsed: 0:07:27
                                    ETA: 0:01:10

################################################################################
                           Learning iteration 432/500                            

                            Total steps: 42565632 
                       Steps per second: 96086 
                        Collection time: 0.486s 
                          Learning time: 0.537s 
                        Mean value loss: 3.8886
                    Mean surrogate loss: -0.0082
                      Mean entropy loss: 14.8148
                            Mean reward: 786.68
                    Mean episode length: 993.52
                        Mean action std: 0.83
                /rew/similar_to_default: -7.0133
                  /rew/tracking_lin_vel: 45.4846
                  /rew/tracking_ang_vel: 8.6363
                       /rew/action_rate: -6.8759
                         /rew/lin_vel_z: -0.9470
                       /rew/base_height: -0.7025
--------------------------------------------------------------------------------
                         Iteration time: 1.02s
                           Time elapsed: 0:07:28
                                    ETA: 0:01:09

################################################################################
                           Learning iteration 433/500                            

                            Total steps: 42663936 
                       Steps per second: 96085 
                        Collection time: 0.486s 
                          Learning time: 0.537s 
                        Mean value loss: 3.3771
                    Mean surrogate loss: -0.0087
                      Mean entropy loss: 14.8075
                            Mean reward: 793.28
                    Mean episode length: 1000.00
                        Mean action std: 0.83
                /rew/similar_to_default: -6.4445
                  /rew/tracking_lin_vel: 45.7400
                  /rew/tracking_ang_vel: 8.6647
                       /rew/action_rate: -6.7300
                         /rew/lin_vel_z: -0.8246
                       /rew/base_height: -0.7129
--------------------------------------------------------------------------------
                         Iteration time: 1.02s
                           Time elapsed: 0:07:29
                                    ETA: 0:01:08

################################################################################
                           Learning iteration 434/500                            

                            Total steps: 42762240 
                       Steps per second: 96071 
                        Collection time: 0.489s 
                          Learning time: 0.535s 
                        Mean value loss: 4.6259
                    Mean surrogate loss: -0.0078
                      Mean entropy loss: 14.8040
                            Mean reward: 786.53
                    Mean episode length: 996.17
                        Mean action std: 0.83
                /rew/similar_to_default: -6.0502
                  /rew/tracking_lin_vel: 46.2248
                  /rew/tracking_ang_vel: 8.7519
                       /rew/action_rate: -6.4320
                         /rew/lin_vel_z: -0.7580
                       /rew/base_height: -0.6830
--------------------------------------------------------------------------------
                         Iteration time: 1.02s
                           Time elapsed: 0:07:30
                                    ETA: 0:01:07

################################################################################
                           Learning iteration 435/500                            

                            Total steps: 42860544 
                       Steps per second: 96140 
                        Collection time: 0.486s 
                          Learning time: 0.537s 
                        Mean value loss: 4.5744
                    Mean surrogate loss: -0.0071
                      Mean entropy loss: 14.8122
                            Mean reward: 783.75
                    Mean episode length: 986.80
                        Mean action std: 0.83
                /rew/similar_to_default: -6.3923
                  /rew/tracking_lin_vel: 46.1486
                  /rew/tracking_ang_vel: 8.7008
                       /rew/action_rate: -6.5436
                         /rew/lin_vel_z: -0.8062
                       /rew/base_height: -0.7012
--------------------------------------------------------------------------------
                         Iteration time: 1.02s
                           Time elapsed: 0:07:31
                                    ETA: 0:01:06

################################################################################
                           Learning iteration 436/500                            

                            Total steps: 42958848 
                       Steps per second: 95857 
                        Collection time: 0.490s 
                          Learning time: 0.536s 
                        Mean value loss: 3.6292
                    Mean surrogate loss: -0.0080
                      Mean entropy loss: 14.8073
                            Mean reward: 784.72
                    Mean episode length: 992.09
                        Mean action std: 0.83
                /rew/similar_to_default: -6.3146
                  /rew/tracking_lin_vel: 46.2975
                  /rew/tracking_ang_vel: 8.6222
                       /rew/action_rate: -6.6585
                         /rew/lin_vel_z: -0.7956
                       /rew/base_height: -0.7347
--------------------------------------------------------------------------------
                         Iteration time: 1.03s
                           Time elapsed: 0:07:32
                                    ETA: 0:01:05

################################################################################
                           Learning iteration 437/500                            

                            Total steps: 43057152 
                       Steps per second: 95852 
                        Collection time: 0.488s 
                          Learning time: 0.537s 
                        Mean value loss: 4.4502
                    Mean surrogate loss: -0.0076
                      Mean entropy loss: 14.8053
                            Mean reward: 780.00
                    Mean episode length: 982.46
                        Mean action std: 0.83
                /rew/similar_to_default: -5.2399
                  /rew/tracking_lin_vel: 33.9976
                  /rew/tracking_ang_vel: 6.5994
                       /rew/action_rate: -5.2129
                         /rew/lin_vel_z: -0.7938
                       /rew/base_height: -0.5671
--------------------------------------------------------------------------------
                         Iteration time: 1.03s
                           Time elapsed: 0:07:33
                                    ETA: 0:01:04

################################################################################
                           Learning iteration 438/500                            

                            Total steps: 43155456 
                       Steps per second: 96283 
                        Collection time: 0.483s 
                          Learning time: 0.538s 
                        Mean value loss: 4.6259
                    Mean surrogate loss: -0.0068
                      Mean entropy loss: 14.8159
                            Mean reward: 765.80
                    Mean episode length: 971.98
                        Mean action std: 0.83
                /rew/similar_to_default: -6.4634
                  /rew/tracking_lin_vel: 46.1461
                  /rew/tracking_ang_vel: 8.7233
                       /rew/action_rate: -6.5726
                         /rew/lin_vel_z: -0.7683
                       /rew/base_height: -0.7103
--------------------------------------------------------------------------------
                         Iteration time: 1.02s
                           Time elapsed: 0:07:34
                                    ETA: 0:01:03

################################################################################
                           Learning iteration 439/500                            

                            Total steps: 43253760 
                       Steps per second: 96490 
                        Collection time: 0.483s 
                          Learning time: 0.535s 
                        Mean value loss: 5.0345
                    Mean surrogate loss: -0.0076
                      Mean entropy loss: 14.8161
                            Mean reward: 780.30
                    Mean episode length: 986.05
                        Mean action std: 0.83
                /rew/similar_to_default: -7.3250
                  /rew/tracking_lin_vel: 45.2967
                  /rew/tracking_ang_vel: 8.5762
                       /rew/action_rate: -6.6515
                         /rew/lin_vel_z: -0.9330
                       /rew/base_height: -0.6383
--------------------------------------------------------------------------------
                         Iteration time: 1.02s
                           Time elapsed: 0:07:35
                                    ETA: 0:01:02

################################################################################
                           Learning iteration 440/500                            

                            Total steps: 43352064 
                       Steps per second: 96274 
                        Collection time: 0.486s 
                          Learning time: 0.536s 
                        Mean value loss: 4.6643
                    Mean surrogate loss: -0.0078
                      Mean entropy loss: 14.8311
                            Mean reward: 785.11
                    Mean episode length: 992.14
                        Mean action std: 0.83
                /rew/similar_to_default: -5.7982
                  /rew/tracking_lin_vel: 46.1574
                  /rew/tracking_ang_vel: 8.7509
                       /rew/action_rate: -6.1918
                         /rew/lin_vel_z: -0.6540
                       /rew/base_height: -0.7302
--------------------------------------------------------------------------------
                         Iteration time: 1.02s
                           Time elapsed: 0:07:36
                                    ETA: 0:01:01

################################################################################
                           Learning iteration 441/500                            

                            Total steps: 43450368 
                       Steps per second: 96221 
                        Collection time: 0.486s 
                          Learning time: 0.535s 
                        Mean value loss: 4.0617
                    Mean surrogate loss: -0.0076
                      Mean entropy loss: 14.8275
                            Mean reward: 778.96
                    Mean episode length: 978.84
                        Mean action std: 0.83
                /rew/similar_to_default: -5.8605
                  /rew/tracking_lin_vel: 47.0295
                  /rew/tracking_ang_vel: 8.7761
                       /rew/action_rate: -6.4157
                         /rew/lin_vel_z: -0.8055
                       /rew/base_height: -0.7817
--------------------------------------------------------------------------------
                         Iteration time: 1.02s
                           Time elapsed: 0:07:37
                                    ETA: 0:01:00

################################################################################
                           Learning iteration 442/500                            

                            Total steps: 43548672 
                       Steps per second: 95659 
                        Collection time: 0.490s 
                          Learning time: 0.537s 
                        Mean value loss: 4.6771
                    Mean surrogate loss: -0.0080
                      Mean entropy loss: 14.8187
                            Mean reward: 784.87
                    Mean episode length: 990.71
                        Mean action std: 0.83
                /rew/similar_to_default: -6.3911
                  /rew/tracking_lin_vel: 45.8359
                  /rew/tracking_ang_vel: 8.6407
                       /rew/action_rate: -6.6372
                         /rew/lin_vel_z: -0.8155
                       /rew/base_height: -0.7280
--------------------------------------------------------------------------------
                         Iteration time: 1.03s
                           Time elapsed: 0:07:38
                                    ETA: 0:00:59

################################################################################
                           Learning iteration 443/500                            

                            Total steps: 43646976 
                       Steps per second: 96117 
                        Collection time: 0.487s 
                          Learning time: 0.536s 
                        Mean value loss: 3.9828
                    Mean surrogate loss: -0.0081
                      Mean entropy loss: 14.8283
                            Mean reward: 791.36
                    Mean episode length: 992.16
                        Mean action std: 0.83
                /rew/similar_to_default: -6.9941
                  /rew/tracking_lin_vel: 45.5306
                  /rew/tracking_ang_vel: 8.6701
                       /rew/action_rate: -6.6053
                         /rew/lin_vel_z: -0.8430
                       /rew/base_height: -0.7260
--------------------------------------------------------------------------------
                         Iteration time: 1.02s
                           Time elapsed: 0:07:39
                                    ETA: 0:00:58

################################################################################
                           Learning iteration 444/500                            

                            Total steps: 43745280 
                       Steps per second: 96251 
                        Collection time: 0.487s 
                          Learning time: 0.535s 
                        Mean value loss: 4.7786
                    Mean surrogate loss: -0.0070
                      Mean entropy loss: 14.8320
                            Mean reward: 781.15
                    Mean episode length: 982.28
                        Mean action std: 0.83
                /rew/similar_to_default: -6.2228
                  /rew/tracking_lin_vel: 45.9008
                  /rew/tracking_ang_vel: 8.5895
                       /rew/action_rate: -6.7066
                         /rew/lin_vel_z: -0.8597
                       /rew/base_height: -0.7898
--------------------------------------------------------------------------------
                         Iteration time: 1.02s
                           Time elapsed: 0:07:41
                                    ETA: 0:00:56

################################################################################
                           Learning iteration 445/500                            

                            Total steps: 43843584 
                       Steps per second: 96123 
                        Collection time: 0.486s 
                          Learning time: 0.537s 
                        Mean value loss: 4.3168
                    Mean surrogate loss: -0.0077
                      Mean entropy loss: 14.8302
                            Mean reward: 780.42
                    Mean episode length: 980.11
                        Mean action std: 0.83
                /rew/similar_to_default: -6.8354
                  /rew/tracking_lin_vel: 46.0049
                  /rew/tracking_ang_vel: 8.6908
                       /rew/action_rate: -6.7327
                         /rew/lin_vel_z: -0.8844
                       /rew/base_height: -0.7042
--------------------------------------------------------------------------------
                         Iteration time: 1.02s
                           Time elapsed: 0:07:42
                                    ETA: 0:00:55

################################################################################
                           Learning iteration 446/500                            

                            Total steps: 43941888 
                       Steps per second: 95984 
                        Collection time: 0.486s 
                          Learning time: 0.538s 
                        Mean value loss: 4.5767
                    Mean surrogate loss: -0.0081
                      Mean entropy loss: 14.8296
                            Mean reward: 776.96
                    Mean episode length: 976.27
                        Mean action std: 0.83
                /rew/similar_to_default: -5.9279
                  /rew/tracking_lin_vel: 46.9525
                  /rew/tracking_ang_vel: 8.6444
                       /rew/action_rate: -6.6253
                         /rew/lin_vel_z: -0.8016
                       /rew/base_height: -0.6844
--------------------------------------------------------------------------------
                         Iteration time: 1.02s
                           Time elapsed: 0:07:43
                                    ETA: 0:00:54

################################################################################
                           Learning iteration 447/500                            

                            Total steps: 44040192 
                       Steps per second: 96167 
                        Collection time: 0.487s 
                          Learning time: 0.535s 
                        Mean value loss: 4.5766
                    Mean surrogate loss: -0.0081
                      Mean entropy loss: 14.8279
                            Mean reward: 773.51
                    Mean episode length: 970.46
                        Mean action std: 0.83
                /rew/similar_to_default: -6.9579
                  /rew/tracking_lin_vel: 45.5480
                  /rew/tracking_ang_vel: 8.7137
                       /rew/action_rate: -6.5945
                         /rew/lin_vel_z: -0.8040
                       /rew/base_height: -0.7017
--------------------------------------------------------------------------------
                         Iteration time: 1.02s
                           Time elapsed: 0:07:44
                                    ETA: 0:00:53

################################################################################
                           Learning iteration 448/500                            

                            Total steps: 44138496 
                       Steps per second: 95848 
                        Collection time: 0.489s 
                          Learning time: 0.537s 
                        Mean value loss: 5.4240
                    Mean surrogate loss: -0.0067
                      Mean entropy loss: 14.8273
                            Mean reward: 776.12
                    Mean episode length: 974.53
                        Mean action std: 0.83
                /rew/similar_to_default: -6.5948
                  /rew/tracking_lin_vel: 46.2351
                  /rew/tracking_ang_vel: 8.7145
                       /rew/action_rate: -6.7463
                         /rew/lin_vel_z: -0.7963
                       /rew/base_height: -0.6663
--------------------------------------------------------------------------------
                         Iteration time: 1.03s
                           Time elapsed: 0:07:45
                                    ETA: 0:00:52

################################################################################
                           Learning iteration 449/500                            

                            Total steps: 44236800 
                       Steps per second: 96840 
                        Collection time: 0.480s 
                          Learning time: 0.535s 
                        Mean value loss: 4.7629
                    Mean surrogate loss: -0.0079
                      Mean entropy loss: 14.8336
                            Mean reward: 777.57
                    Mean episode length: 984.51
                        Mean action std: 0.83
                /rew/similar_to_default: -6.2295
                  /rew/tracking_lin_vel: 46.0417
                  /rew/tracking_ang_vel: 8.6865
                       /rew/action_rate: -6.5033
                         /rew/lin_vel_z: -0.7760
                       /rew/base_height: -0.7084
--------------------------------------------------------------------------------
                         Iteration time: 1.02s
                           Time elapsed: 0:07:46
                                    ETA: 0:00:51

################################################################################
                           Learning iteration 450/500                            

                            Total steps: 44335104 
                       Steps per second: 96326 
                        Collection time: 0.487s 
                          Learning time: 0.534s 
                        Mean value loss: 4.3143
                    Mean surrogate loss: -0.0085
                      Mean entropy loss: 14.8362
                            Mean reward: 778.58
                    Mean episode length: 974.67
                        Mean action std: 0.83
                /rew/similar_to_default: -5.6857
                  /rew/tracking_lin_vel: 47.1214
                  /rew/tracking_ang_vel: 8.6684
                       /rew/action_rate: -6.2594
                         /rew/lin_vel_z: -0.6320
                       /rew/base_height: -0.7862
--------------------------------------------------------------------------------
                         Iteration time: 1.02s
                           Time elapsed: 0:07:47
                                    ETA: 0:00:50

################################################################################
                           Learning iteration 451/500                            

                            Total steps: 44433408 
                       Steps per second: 96499 
                        Collection time: 0.482s 
                          Learning time: 0.537s 
                        Mean value loss: 4.3730
                    Mean surrogate loss: -0.0075
                      Mean entropy loss: 14.8259
                            Mean reward: 783.09
                    Mean episode length: 982.12
                        Mean action std: 0.83
                /rew/similar_to_default: -6.3611
                  /rew/tracking_lin_vel: 45.5550
                  /rew/tracking_ang_vel: 8.7585
                       /rew/action_rate: -6.6144
                         /rew/lin_vel_z: -0.8595
                       /rew/base_height: -0.6829
--------------------------------------------------------------------------------
                         Iteration time: 1.02s
                           Time elapsed: 0:07:48
                                    ETA: 0:00:49

################################################################################
                           Learning iteration 452/500                            

                            Total steps: 44531712 
                       Steps per second: 96260 
                        Collection time: 0.485s 
                          Learning time: 0.536s 
                        Mean value loss: 4.6875
                    Mean surrogate loss: -0.0071
                      Mean entropy loss: 14.8145
                            Mean reward: 787.64
                    Mean episode length: 986.86
                        Mean action std: 0.83
                /rew/similar_to_default: -6.1695
                  /rew/tracking_lin_vel: 46.2750
                  /rew/tracking_ang_vel: 8.6343
                       /rew/action_rate: -6.3649
                         /rew/lin_vel_z: -0.7219
                       /rew/base_height: -0.8279
--------------------------------------------------------------------------------
                         Iteration time: 1.02s
                           Time elapsed: 0:07:49
                                    ETA: 0:00:48

################################################################################
                           Learning iteration 453/500                            

                            Total steps: 44630016 
                       Steps per second: 96451 
                        Collection time: 0.483s 
                          Learning time: 0.536s 
                        Mean value loss: 3.9680
                    Mean surrogate loss: -0.0073
                      Mean entropy loss: 14.8134
                            Mean reward: 786.07
                    Mean episode length: 993.29
                        Mean action std: 0.83
                /rew/similar_to_default: -6.7000
                  /rew/tracking_lin_vel: 45.3686
                  /rew/tracking_ang_vel: 8.6085
                       /rew/action_rate: -6.7413
                         /rew/lin_vel_z: -0.8577
                       /rew/base_height: -0.7560
--------------------------------------------------------------------------------
                         Iteration time: 1.02s
                           Time elapsed: 0:07:50
                                    ETA: 0:00:47

################################################################################
                           Learning iteration 454/500                            

                            Total steps: 44728320 
                       Steps per second: 96175 
                        Collection time: 0.487s 
                          Learning time: 0.535s 
                        Mean value loss: 4.1257
                    Mean surrogate loss: -0.0076
                      Mean entropy loss: 14.8127
                            Mean reward: 794.33
                    Mean episode length: 995.67
                        Mean action std: 0.83
                /rew/similar_to_default: -7.3643
                  /rew/tracking_lin_vel: 44.8049
                  /rew/tracking_ang_vel: 8.5548
                       /rew/action_rate: -6.8991
                         /rew/lin_vel_z: -0.9452
                       /rew/base_height: -0.6710
--------------------------------------------------------------------------------
                         Iteration time: 1.02s
                           Time elapsed: 0:07:51
                                    ETA: 0:00:46

################################################################################
                           Learning iteration 455/500                            

                            Total steps: 44826624 
                       Steps per second: 96483 
                        Collection time: 0.484s 
                          Learning time: 0.535s 
                        Mean value loss: 4.8418
                    Mean surrogate loss: -0.0070
                      Mean entropy loss: 14.8137
                            Mean reward: 790.23
                    Mean episode length: 991.78
                        Mean action std: 0.83
                /rew/similar_to_default: -6.3103
                  /rew/tracking_lin_vel: 46.0718
                  /rew/tracking_ang_vel: 8.7213
                       /rew/action_rate: -6.5442
                         /rew/lin_vel_z: -0.7716
                       /rew/base_height: -0.7275
--------------------------------------------------------------------------------
                         Iteration time: 1.02s
                           Time elapsed: 0:07:52
                                    ETA: 0:00:45

################################################################################
                           Learning iteration 456/500                            

                            Total steps: 44924928 
                       Steps per second: 96344 
                        Collection time: 0.485s 
                          Learning time: 0.535s 
                        Mean value loss: 4.6584
                    Mean surrogate loss: -0.0077
                      Mean entropy loss: 14.8115
                            Mean reward: 788.96
                    Mean episode length: 988.64
                        Mean action std: 0.83
                /rew/similar_to_default: -7.2639
                  /rew/tracking_lin_vel: 45.5676
                  /rew/tracking_ang_vel: 8.7193
                       /rew/action_rate: -6.9868
                         /rew/lin_vel_z: -1.0450
                       /rew/base_height: -0.6173
--------------------------------------------------------------------------------
                         Iteration time: 1.02s
                           Time elapsed: 0:07:53
                                    ETA: 0:00:44

################################################################################
                           Learning iteration 457/500                            

                            Total steps: 45023232 
                       Steps per second: 96162 
                        Collection time: 0.487s 
                          Learning time: 0.535s 
                        Mean value loss: 3.3895
                    Mean surrogate loss: -0.0086
                      Mean entropy loss: 14.8085
                            Mean reward: 801.77
                    Mean episode length: 1000.00
                        Mean action std: 0.83
                /rew/similar_to_default: -6.3882
                  /rew/tracking_lin_vel: 46.1590
                  /rew/tracking_ang_vel: 8.7025
                       /rew/action_rate: -6.6038
                         /rew/lin_vel_z: -0.8466
                       /rew/base_height: -0.7332
--------------------------------------------------------------------------------
                         Iteration time: 1.02s
                           Time elapsed: 0:07:54
                                    ETA: 0:00:43

################################################################################
                           Learning iteration 458/500                            

                            Total steps: 45121536 
                       Steps per second: 96642 
                        Collection time: 0.482s 
                          Learning time: 0.535s 
                        Mean value loss: 5.1072
                    Mean surrogate loss: -0.0063
                      Mean entropy loss: 14.8026
                            Mean reward: 779.88
                    Mean episode length: 982.66
                        Mean action std: 0.83
                /rew/similar_to_default: -6.7550
                  /rew/tracking_lin_vel: 45.8616
                  /rew/tracking_ang_vel: 8.6795
                       /rew/action_rate: -6.6891
                         /rew/lin_vel_z: -0.8753
                       /rew/base_height: -0.6558
--------------------------------------------------------------------------------
                         Iteration time: 1.02s
                           Time elapsed: 0:07:55
                                    ETA: 0:00:42

################################################################################
                           Learning iteration 459/500                            

                            Total steps: 45219840 
                       Steps per second: 96171 
                        Collection time: 0.486s 
                          Learning time: 0.536s 
                        Mean value loss: 6.1395
                    Mean surrogate loss: -0.0075
                      Mean entropy loss: 14.8076
                            Mean reward: 777.73
                    Mean episode length: 981.80
                        Mean action std: 0.83
                /rew/similar_to_default: -6.4124
                  /rew/tracking_lin_vel: 42.4040
                  /rew/tracking_ang_vel: 8.0799
                       /rew/action_rate: -6.3012
                         /rew/lin_vel_z: -0.8549
                       /rew/base_height: -0.6525
--------------------------------------------------------------------------------
                         Iteration time: 1.02s
                           Time elapsed: 0:07:56
                                    ETA: 0:00:41

################################################################################
                           Learning iteration 460/500                            

                            Total steps: 45318144 
                       Steps per second: 95838 
                        Collection time: 0.489s 
                          Learning time: 0.537s 
                        Mean value loss: 4.8293
                    Mean surrogate loss: -0.0071
                      Mean entropy loss: 14.8164
                            Mean reward: 792.12
                    Mean episode length: 986.17
                        Mean action std: 0.83
                /rew/similar_to_default: -6.4306
                  /rew/tracking_lin_vel: 47.0289
                  /rew/tracking_ang_vel: 8.8121
                       /rew/action_rate: -6.4706
                         /rew/lin_vel_z: -0.6935
                       /rew/base_height: -0.7335
--------------------------------------------------------------------------------
                         Iteration time: 1.03s
                           Time elapsed: 0:07:57
                                    ETA: 0:00:40

################################################################################
                           Learning iteration 461/500                            

                            Total steps: 45416448 
                       Steps per second: 96556 
                        Collection time: 0.483s 
                          Learning time: 0.535s 
                        Mean value loss: 4.8217
                    Mean surrogate loss: -0.0077
                      Mean entropy loss: 14.8278
                            Mean reward: 784.70
                    Mean episode length: 982.41
                        Mean action std: 0.83
                /rew/similar_to_default: -6.4773
                  /rew/tracking_lin_vel: 45.9101
                  /rew/tracking_ang_vel: 8.6837
                       /rew/action_rate: -6.6268
                         /rew/lin_vel_z: -0.8143
                       /rew/base_height: -0.7562
--------------------------------------------------------------------------------
                         Iteration time: 1.02s
                           Time elapsed: 0:07:58
                                    ETA: 0:00:39

################################################################################
                           Learning iteration 462/500                            

                            Total steps: 45514752 
                       Steps per second: 96527 
                        Collection time: 0.482s 
                          Learning time: 0.537s 
                        Mean value loss: 4.2008
                    Mean surrogate loss: -0.0068
                      Mean entropy loss: 14.8386
                            Mean reward: 779.49
                    Mean episode length: 978.31
                        Mean action std: 0.83
                /rew/similar_to_default: -6.5406
                  /rew/tracking_lin_vel: 45.4374
                  /rew/tracking_ang_vel: 8.6499
                       /rew/action_rate: -6.6565
                         /rew/lin_vel_z: -0.8637
                       /rew/base_height: -0.7071
--------------------------------------------------------------------------------
                         Iteration time: 1.02s
                           Time elapsed: 0:07:59
                                    ETA: 0:00:38

################################################################################
                           Learning iteration 463/500                            

                            Total steps: 45613056 
                       Steps per second: 96055 
                        Collection time: 0.486s 
                          Learning time: 0.537s 
                        Mean value loss: 3.6431
                    Mean surrogate loss: -0.0080
                      Mean entropy loss: 14.8305
                            Mean reward: 788.48
                    Mean episode length: 992.09
                        Mean action std: 0.83
                /rew/similar_to_default: -6.9026
                  /rew/tracking_lin_vel: 45.0960
                  /rew/tracking_ang_vel: 8.5246
                       /rew/action_rate: -6.9185
                         /rew/lin_vel_z: -0.9656
                       /rew/base_height: -0.6768
--------------------------------------------------------------------------------
                         Iteration time: 1.02s
                           Time elapsed: 0:08:00
                                    ETA: 0:00:37

################################################################################
                           Learning iteration 464/500                            

                            Total steps: 45711360 
                       Steps per second: 95967 
                        Collection time: 0.489s 
                          Learning time: 0.536s 
                        Mean value loss: 4.9401
                    Mean surrogate loss: -0.0068
                      Mean entropy loss: 14.8307
                            Mean reward: 772.38
                    Mean episode length: 972.89
                        Mean action std: 0.83
                /rew/similar_to_default: -5.9712
                  /rew/tracking_lin_vel: 46.4262
                  /rew/tracking_ang_vel: 8.7028
                       /rew/action_rate: -6.2480
                         /rew/lin_vel_z: -0.6763
                       /rew/base_height: -0.8047
--------------------------------------------------------------------------------
                         Iteration time: 1.02s
                           Time elapsed: 0:08:01
                                    ETA: 0:00:36

################################################################################
                           Learning iteration 465/500                            

                            Total steps: 45809664 
                       Steps per second: 96163 
                        Collection time: 0.485s 
                          Learning time: 0.537s 
                        Mean value loss: 3.7642
                    Mean surrogate loss: -0.0077
                      Mean entropy loss: 14.8159
                            Mean reward: 795.82
                    Mean episode length: 998.81
                        Mean action std: 0.83
                /rew/similar_to_default: -6.6079
                  /rew/tracking_lin_vel: 45.8125
                  /rew/tracking_ang_vel: 8.7308
                       /rew/action_rate: -6.6796
                         /rew/lin_vel_z: -0.8537
                       /rew/base_height: -0.7283
--------------------------------------------------------------------------------
                         Iteration time: 1.02s
                           Time elapsed: 0:08:02
                                    ETA: 0:00:35

################################################################################
                           Learning iteration 466/500                            

                            Total steps: 45907968 
                       Steps per second: 96082 
                        Collection time: 0.484s 
                          Learning time: 0.539s 
                        Mean value loss: 5.1859
                    Mean surrogate loss: -0.0062
                      Mean entropy loss: 14.8043
                            Mean reward: 779.14
                    Mean episode length: 978.86
                        Mean action std: 0.83
                /rew/similar_to_default: -4.3976
                  /rew/tracking_lin_vel: 37.5925
                  /rew/tracking_ang_vel: 7.0822
                       /rew/action_rate: -5.1104
                         /rew/lin_vel_z: -0.5238
                       /rew/base_height: -0.6385
--------------------------------------------------------------------------------
                         Iteration time: 1.02s
                           Time elapsed: 0:08:03
                                    ETA: 0:00:34

################################################################################
                           Learning iteration 467/500                            

                            Total steps: 46006272 
                       Steps per second: 95996 
                        Collection time: 0.487s 
                          Learning time: 0.537s 
                        Mean value loss: 4.1897
                    Mean surrogate loss: -0.0081
                      Mean entropy loss: 14.7940
                            Mean reward: 798.90
                    Mean episode length: 998.07
                        Mean action std: 0.83
                /rew/similar_to_default: -6.5010
                  /rew/tracking_lin_vel: 45.5972
                  /rew/tracking_ang_vel: 8.6759
                       /rew/action_rate: -6.7105
                         /rew/lin_vel_z: -0.8542
                       /rew/base_height: -0.7314
--------------------------------------------------------------------------------
                         Iteration time: 1.02s
                           Time elapsed: 0:08:04
                                    ETA: 0:00:33

################################################################################
                           Learning iteration 468/500                            

                            Total steps: 46104576 
                       Steps per second: 95147 
                        Collection time: 0.493s 
                          Learning time: 0.541s 
                        Mean value loss: 3.6821
                    Mean surrogate loss: -0.0086
                      Mean entropy loss: 14.7879
                            Mean reward: 800.20
                    Mean episode length: 1000.00
                        Mean action std: 0.83
                /rew/similar_to_default: -6.0872
                  /rew/tracking_lin_vel: 46.0984
                  /rew/tracking_ang_vel: 8.6855
                       /rew/action_rate: -6.4893
                         /rew/lin_vel_z: -0.8042
                       /rew/base_height: -0.7576
--------------------------------------------------------------------------------
                         Iteration time: 1.03s
                           Time elapsed: 0:08:05
                                    ETA: 0:00:32

################################################################################
                           Learning iteration 469/500                            

                            Total steps: 46202880 
                       Steps per second: 95951 
                        Collection time: 0.488s 
                          Learning time: 0.537s 
                        Mean value loss: 3.8310
                    Mean surrogate loss: -0.0074
                      Mean entropy loss: 14.7844
                            Mean reward: 792.68
                    Mean episode length: 992.03
                        Mean action std: 0.83
                /rew/similar_to_default: -6.3130
                  /rew/tracking_lin_vel: 46.1195
                  /rew/tracking_ang_vel: 8.6799
                       /rew/action_rate: -6.5685
                         /rew/lin_vel_z: -0.7798
                       /rew/base_height: -0.7665
--------------------------------------------------------------------------------
                         Iteration time: 1.02s
                           Time elapsed: 0:08:06
                                    ETA: 0:00:31

################################################################################
                           Learning iteration 470/500                            

                            Total steps: 46301184 
                       Steps per second: 95347 
                        Collection time: 0.493s 
                          Learning time: 0.538s 
                        Mean value loss: 3.4647
                    Mean surrogate loss: -0.0071
                      Mean entropy loss: 14.7683
                            Mean reward: 790.47
                    Mean episode length: 992.12
                        Mean action std: 0.83
                /rew/similar_to_default: -6.1377
                  /rew/tracking_lin_vel: 45.9019
                  /rew/tracking_ang_vel: 8.5726
                       /rew/action_rate: -6.4523
                         /rew/lin_vel_z: -0.7988
                       /rew/base_height: -0.7626
--------------------------------------------------------------------------------
                         Iteration time: 1.03s
                           Time elapsed: 0:08:07
                                    ETA: 0:00:30

################################################################################
                           Learning iteration 471/500                            

                            Total steps: 46399488 
                       Steps per second: 95391 
                        Collection time: 0.492s 
                          Learning time: 0.538s 
                        Mean value loss: 5.2999
                    Mean surrogate loss: -0.0070
                      Mean entropy loss: 14.7527
                            Mean reward: 780.24
                    Mean episode length: 974.64
                        Mean action std: 0.83
                /rew/similar_to_default: -6.2693
                  /rew/tracking_lin_vel: 46.0615
                  /rew/tracking_ang_vel: 8.7214
                       /rew/action_rate: -6.4893
                         /rew/lin_vel_z: -0.7927
                       /rew/base_height: -0.7367
--------------------------------------------------------------------------------
                         Iteration time: 1.03s
                           Time elapsed: 0:08:08
                                    ETA: 0:00:28

################################################################################
                           Learning iteration 472/500                            

                            Total steps: 46497792 
                       Steps per second: 95426 
                        Collection time: 0.492s 
                          Learning time: 0.538s 
                        Mean value loss: 3.4273
                    Mean surrogate loss: -0.0086
                      Mean entropy loss: 14.7408
                            Mean reward: 798.53
                    Mean episode length: 1000.00
                        Mean action std: 0.83
                /rew/similar_to_default: -6.5897
                  /rew/tracking_lin_vel: 45.4319
                  /rew/tracking_ang_vel: 8.6714
                       /rew/action_rate: -6.7015
                         /rew/lin_vel_z: -0.8672
                       /rew/base_height: -0.7358
--------------------------------------------------------------------------------
                         Iteration time: 1.03s
                           Time elapsed: 0:08:09
                                    ETA: 0:00:27

################################################################################
                           Learning iteration 473/500                            

                            Total steps: 46596096 
                       Steps per second: 95346 
                        Collection time: 0.494s 
                          Learning time: 0.537s 
                        Mean value loss: 5.6131
                    Mean surrogate loss: -0.0067
                      Mean entropy loss: 14.7396
                            Mean reward: 776.13
                    Mean episode length: 973.74
                        Mean action std: 0.83
                /rew/similar_to_default: -6.3355
                  /rew/tracking_lin_vel: 44.9856
                  /rew/tracking_ang_vel: 8.4369
                       /rew/action_rate: -6.4058
                         /rew/lin_vel_z: -0.8291
                       /rew/base_height: -0.6960
--------------------------------------------------------------------------------
                         Iteration time: 1.03s
                           Time elapsed: 0:08:10
                                    ETA: 0:00:26

################################################################################
                           Learning iteration 474/500                            

                            Total steps: 46694400 
                       Steps per second: 95862 
                        Collection time: 0.487s 
                          Learning time: 0.538s 
                        Mean value loss: 5.0562
                    Mean surrogate loss: -0.0063
                      Mean entropy loss: 14.7528
                            Mean reward: 773.25
                    Mean episode length: 968.69
                        Mean action std: 0.83
                /rew/similar_to_default: -5.9858
                  /rew/tracking_lin_vel: 46.7508
                  /rew/tracking_ang_vel: 8.7070
                       /rew/action_rate: -6.2546
                         /rew/lin_vel_z: -0.7297
                       /rew/base_height: -0.7034
--------------------------------------------------------------------------------
                         Iteration time: 1.03s
                           Time elapsed: 0:08:11
                                    ETA: 0:00:25

################################################################################
                           Learning iteration 475/500                            

                            Total steps: 46792704 
                       Steps per second: 95744 
                        Collection time: 0.489s 
                          Learning time: 0.537s 
                        Mean value loss: 4.1427
                    Mean surrogate loss: -0.0081
                      Mean entropy loss: 14.7435
                            Mean reward: 800.95
                    Mean episode length: 996.78
                        Mean action std: 0.83
                /rew/similar_to_default: -6.3174
                  /rew/tracking_lin_vel: 46.3202
                  /rew/tracking_ang_vel: 8.6484
                       /rew/action_rate: -6.4044
                         /rew/lin_vel_z: -0.7550
                       /rew/base_height: -0.6992
--------------------------------------------------------------------------------
                         Iteration time: 1.03s
                           Time elapsed: 0:08:12
                                    ETA: 0:00:24

################################################################################
                           Learning iteration 476/500                            

                            Total steps: 46891008 
                       Steps per second: 95461 
                        Collection time: 0.492s 
                          Learning time: 0.538s 
                        Mean value loss: 4.1975
                    Mean surrogate loss: -0.0084
                      Mean entropy loss: 14.7353
                            Mean reward: 802.45
                    Mean episode length: 998.10
                        Mean action std: 0.83
                /rew/similar_to_default: -6.0469
                  /rew/tracking_lin_vel: 46.6474
                  /rew/tracking_ang_vel: 8.7447
                       /rew/action_rate: -6.0658
                         /rew/lin_vel_z: -0.6503
                       /rew/base_height: -0.7510
--------------------------------------------------------------------------------
                         Iteration time: 1.03s
                           Time elapsed: 0:08:13
                                    ETA: 0:00:23

################################################################################
                           Learning iteration 477/500                            

                            Total steps: 46989312 
                       Steps per second: 95596 
                        Collection time: 0.490s 
                          Learning time: 0.538s 
                        Mean value loss: 4.7031
                    Mean surrogate loss: -0.0064
                      Mean entropy loss: 14.7285
                            Mean reward: 776.38
                    Mean episode length: 971.79
                        Mean action std: 0.83
                /rew/similar_to_default: -6.0972
                  /rew/tracking_lin_vel: 46.0907
                  /rew/tracking_ang_vel: 8.6494
                       /rew/action_rate: -6.5131
                         /rew/lin_vel_z: -0.7897
                       /rew/base_height: -0.6998
--------------------------------------------------------------------------------
                         Iteration time: 1.03s
                           Time elapsed: 0:08:14
                                    ETA: 0:00:22

################################################################################
                           Learning iteration 478/500                            

                            Total steps: 47087616 
                       Steps per second: 95313 
                        Collection time: 0.493s 
                          Learning time: 0.539s 
                        Mean value loss: 4.2861
                    Mean surrogate loss: -0.0071
                      Mean entropy loss: 14.7191
                            Mean reward: 790.48
                    Mean episode length: 989.76
                        Mean action std: 0.83
                /rew/similar_to_default: -6.1587
                  /rew/tracking_lin_vel: 45.9537
                  /rew/tracking_ang_vel: 8.7203
                       /rew/action_rate: -6.5237
                         /rew/lin_vel_z: -0.7447
                       /rew/base_height: -0.7667
--------------------------------------------------------------------------------
                         Iteration time: 1.03s
                           Time elapsed: 0:08:15
                                    ETA: 0:00:21

################################################################################
                           Learning iteration 479/500                            

                            Total steps: 47185920 
                       Steps per second: 95378 
                        Collection time: 0.491s 
                          Learning time: 0.539s 
                        Mean value loss: 4.5097
                    Mean surrogate loss: -0.0073
                      Mean entropy loss: 14.7296
                            Mean reward: 788.91
                    Mean episode length: 988.45
                        Mean action std: 0.83
                /rew/similar_to_default: -6.2314
                  /rew/tracking_lin_vel: 45.5470
                  /rew/tracking_ang_vel: 8.7052
                       /rew/action_rate: -6.4805
                         /rew/lin_vel_z: -0.8214
                       /rew/base_height: -0.6893
--------------------------------------------------------------------------------
                         Iteration time: 1.03s
                           Time elapsed: 0:08:16
                                    ETA: 0:00:20

################################################################################
                           Learning iteration 480/500                            

                            Total steps: 47284224 
                       Steps per second: 96039 
                        Collection time: 0.485s 
                          Learning time: 0.538s 
                        Mean value loss: 3.1181
                    Mean surrogate loss: -0.0080
                      Mean entropy loss: 14.7113
                            Mean reward: 801.83
                    Mean episode length: 1000.00
                        Mean action std: 0.82
                /rew/similar_to_default: -6.7955
                  /rew/tracking_lin_vel: 46.1957
                  /rew/tracking_ang_vel: 8.6865
                       /rew/action_rate: -6.6301
                         /rew/lin_vel_z: -0.9100
                       /rew/base_height: -0.6052
--------------------------------------------------------------------------------
                         Iteration time: 1.02s
                           Time elapsed: 0:08:17
                                    ETA: 0:00:19

################################################################################
                           Learning iteration 481/500                            

                            Total steps: 47382528 
                       Steps per second: 95167 
                        Collection time: 0.495s 
                          Learning time: 0.538s 
                        Mean value loss: 5.1034
                    Mean surrogate loss: -0.0074
                      Mean entropy loss: 14.7129
                            Mean reward: 791.45
                    Mean episode length: 994.32
                        Mean action std: 0.83
                /rew/similar_to_default: -6.7240
                  /rew/tracking_lin_vel: 45.7485
                  /rew/tracking_ang_vel: 8.5802
                       /rew/action_rate: -6.7470
                         /rew/lin_vel_z: -0.9066
                       /rew/base_height: -0.7251
--------------------------------------------------------------------------------
                         Iteration time: 1.03s
                           Time elapsed: 0:08:18
                                    ETA: 0:00:18

################################################################################
                           Learning iteration 482/500                            

                            Total steps: 47480832 
                       Steps per second: 95354 
                        Collection time: 0.494s 
                          Learning time: 0.537s 
                        Mean value loss: 4.5881
                    Mean surrogate loss: -0.0071
                      Mean entropy loss: 14.7215
                            Mean reward: 794.41
                    Mean episode length: 992.93
                        Mean action std: 0.83
                /rew/similar_to_default: -6.4541
                  /rew/tracking_lin_vel: 46.0867
                  /rew/tracking_ang_vel: 8.7583
                       /rew/action_rate: -6.5003
                         /rew/lin_vel_z: -0.8864
                       /rew/base_height: -0.7307
--------------------------------------------------------------------------------
                         Iteration time: 1.03s
                           Time elapsed: 0:08:19
                                    ETA: 0:00:17

################################################################################
                           Learning iteration 483/500                            

                            Total steps: 47579136 
                       Steps per second: 95488 
                        Collection time: 0.492s 
                          Learning time: 0.537s 
                        Mean value loss: 3.9692
                    Mean surrogate loss: -0.0072
                      Mean entropy loss: 14.7326
                            Mean reward: 799.75
                    Mean episode length: 996.09
                        Mean action std: 0.83
                /rew/similar_to_default: -6.0608
                  /rew/tracking_lin_vel: 44.0203
                  /rew/tracking_ang_vel: 8.2762
                       /rew/action_rate: -6.2633
                         /rew/lin_vel_z: -0.7836
                       /rew/base_height: -0.7044
--------------------------------------------------------------------------------
                         Iteration time: 1.03s
                           Time elapsed: 0:08:20
                                    ETA: 0:00:16

################################################################################
                           Learning iteration 484/500                            

                            Total steps: 47677440 
                       Steps per second: 95418 
                        Collection time: 0.493s 
                          Learning time: 0.537s 
                        Mean value loss: 4.8144
                    Mean surrogate loss: -0.0083
                      Mean entropy loss: 14.7400
                            Mean reward: 792.44
                    Mean episode length: 992.16
                        Mean action std: 0.83
                /rew/similar_to_default: -5.5856
                  /rew/tracking_lin_vel: 36.2068
                  /rew/tracking_ang_vel: 6.9406
                       /rew/action_rate: -5.4546
                         /rew/lin_vel_z: -0.7760
                       /rew/base_height: -0.5337
--------------------------------------------------------------------------------
                         Iteration time: 1.03s
                           Time elapsed: 0:08:21
                                    ETA: 0:00:15

################################################################################
                           Learning iteration 485/500                            

                            Total steps: 47775744 
                       Steps per second: 95491 
                        Collection time: 0.491s 
                          Learning time: 0.539s 
                        Mean value loss: 6.2838
                    Mean surrogate loss: -0.0070
                      Mean entropy loss: 14.7486
                            Mean reward: 776.73
                    Mean episode length: 963.90
                        Mean action std: 0.83
                /rew/similar_to_default: -5.1950
                  /rew/tracking_lin_vel: 36.4539
                  /rew/tracking_ang_vel: 7.0056
                       /rew/action_rate: -5.4068
                         /rew/lin_vel_z: -0.7549
                       /rew/base_height: -0.6036
--------------------------------------------------------------------------------
                         Iteration time: 1.03s
                           Time elapsed: 0:08:23
                                    ETA: 0:00:14

################################################################################
                           Learning iteration 486/500                            

                            Total steps: 47874048 
                       Steps per second: 95444 
                        Collection time: 0.494s 
                          Learning time: 0.536s 
                        Mean value loss: 3.2153
                    Mean surrogate loss: -0.0084
                      Mean entropy loss: 14.7528
                            Mean reward: 800.23
                    Mean episode length: 994.11
                        Mean action std: 0.83
                /rew/similar_to_default: -5.8668
                  /rew/tracking_lin_vel: 46.3951
                  /rew/tracking_ang_vel: 8.6869
                       /rew/action_rate: -6.4362
                         /rew/lin_vel_z: -0.7807
                       /rew/base_height: -0.7475
--------------------------------------------------------------------------------
                         Iteration time: 1.03s
                           Time elapsed: 0:08:24
                                    ETA: 0:00:13

################################################################################
                           Learning iteration 487/500                            

                            Total steps: 47972352 
                       Steps per second: 95009 
                        Collection time: 0.496s 
                          Learning time: 0.539s 
                        Mean value loss: 3.7459
                    Mean surrogate loss: -0.0083
                      Mean entropy loss: 14.7526
                            Mean reward: 800.42
                    Mean episode length: 992.11
                        Mean action std: 0.83
                /rew/similar_to_default: -6.5283
                  /rew/tracking_lin_vel: 46.1661
                  /rew/tracking_ang_vel: 8.7030
                       /rew/action_rate: -6.5362
                         /rew/lin_vel_z: -0.8431
                       /rew/base_height: -0.7199
--------------------------------------------------------------------------------
                         Iteration time: 1.03s
                           Time elapsed: 0:08:25
                                    ETA: 0:00:12

################################################################################
                           Learning iteration 488/500                            

                            Total steps: 48070656 
                       Steps per second: 95395 
                        Collection time: 0.493s 
                          Learning time: 0.538s 
                        Mean value loss: 4.8910
                    Mean surrogate loss: -0.0070
                      Mean entropy loss: 14.7684
                            Mean reward: 786.79
                    Mean episode length: 978.29
                        Mean action std: 0.83
                /rew/similar_to_default: -6.6558
                  /rew/tracking_lin_vel: 46.0455
                  /rew/tracking_ang_vel: 8.7204
                       /rew/action_rate: -6.7482
                         /rew/lin_vel_z: -0.9046
                       /rew/base_height: -0.7115
--------------------------------------------------------------------------------
                         Iteration time: 1.03s
                           Time elapsed: 0:08:26
                                    ETA: 0:00:11

################################################################################
                           Learning iteration 489/500                            

                            Total steps: 48168960 
                       Steps per second: 95587 
                        Collection time: 0.492s 
                          Learning time: 0.537s 
                        Mean value loss: 4.7332
                    Mean surrogate loss: -0.0068
                      Mean entropy loss: 14.7800
                            Mean reward: 773.15
                    Mean episode length: 962.28
                        Mean action std: 0.83
                /rew/similar_to_default: -6.2359
                  /rew/tracking_lin_vel: 46.2645
                  /rew/tracking_ang_vel: 8.6341
                       /rew/action_rate: -6.4575
                         /rew/lin_vel_z: -0.7913
                       /rew/base_height: -0.7714
--------------------------------------------------------------------------------
                         Iteration time: 1.03s
                           Time elapsed: 0:08:27
                                    ETA: 0:00:10

################################################################################
                           Learning iteration 490/500                            

                            Total steps: 48267264 
                       Steps per second: 95620 
                        Collection time: 0.489s 
                          Learning time: 0.539s 
                        Mean value loss: 4.2019
                    Mean surrogate loss: -0.0070
                      Mean entropy loss: 14.7832
                            Mean reward: 790.71
                    Mean episode length: 990.33
                        Mean action std: 0.83
                /rew/similar_to_default: -5.6959
                  /rew/tracking_lin_vel: 41.9950
                  /rew/tracking_ang_vel: 7.8818
                       /rew/action_rate: -5.9947
                         /rew/lin_vel_z: -0.7820
                       /rew/base_height: -0.6797
--------------------------------------------------------------------------------
                         Iteration time: 1.03s
                           Time elapsed: 0:08:28
                                    ETA: 0:00:09

################################################################################
                           Learning iteration 491/500                            

                            Total steps: 48365568 
                       Steps per second: 95620 
                        Collection time: 0.491s 
                          Learning time: 0.537s 
                        Mean value loss: 3.6880
                    Mean surrogate loss: -0.0080
                      Mean entropy loss: 14.7656
                            Mean reward: 794.93
                    Mean episode length: 988.20
                        Mean action std: 0.83
                /rew/similar_to_default: -6.2009
                  /rew/tracking_lin_vel: 46.5124
                  /rew/tracking_ang_vel: 8.7143
                       /rew/action_rate: -6.4053
                         /rew/lin_vel_z: -0.7828
                       /rew/base_height: -0.7708
--------------------------------------------------------------------------------
                         Iteration time: 1.03s
                           Time elapsed: 0:08:29
                                    ETA: 0:00:08

################################################################################
                           Learning iteration 492/500                            

                            Total steps: 48463872 
                       Steps per second: 95410 
                        Collection time: 0.493s 
                          Learning time: 0.537s 
                        Mean value loss: 4.3255
                    Mean surrogate loss: -0.0082
                      Mean entropy loss: 14.7513
                            Mean reward: 805.15
                    Mean episode length: 999.36
                        Mean action std: 0.83
                /rew/similar_to_default: -6.4743
                  /rew/tracking_lin_vel: 45.7921
                  /rew/tracking_ang_vel: 8.6943
                       /rew/action_rate: -6.7582
                         /rew/lin_vel_z: -0.9580
                       /rew/base_height: -0.7718
--------------------------------------------------------------------------------
                         Iteration time: 1.03s
                           Time elapsed: 0:08:30
                                    ETA: 0:00:07

################################################################################
                           Learning iteration 493/500                            

                            Total steps: 48562176 
                       Steps per second: 95858 
                        Collection time: 0.488s 
                          Learning time: 0.538s 
                        Mean value loss: 4.3384
                    Mean surrogate loss: -0.0087
                      Mean entropy loss: 14.7557
                            Mean reward: 792.32
                    Mean episode length: 996.31
                        Mean action std: 0.83
                /rew/similar_to_default: -6.0797
                  /rew/tracking_lin_vel: 42.1848
                  /rew/tracking_ang_vel: 7.9786
                       /rew/action_rate: -6.3203
                         /rew/lin_vel_z: -0.8387
                       /rew/base_height: -0.6750
--------------------------------------------------------------------------------
                         Iteration time: 1.03s
                           Time elapsed: 0:08:31
                                    ETA: 0:00:06

################################################################################
                           Learning iteration 494/500                            

                            Total steps: 48660480 
                       Steps per second: 95097 
                        Collection time: 0.496s 
                          Learning time: 0.538s 
                        Mean value loss: 3.8760
                    Mean surrogate loss: -0.0092
                      Mean entropy loss: 14.7584
                            Mean reward: 804.36
                    Mean episode length: 996.31
                        Mean action std: 0.83
                /rew/similar_to_default: -6.6736
                  /rew/tracking_lin_vel: 45.2901
                  /rew/tracking_ang_vel: 8.6193
                       /rew/action_rate: -6.8406
                         /rew/lin_vel_z: -0.9987
                       /rew/base_height: -0.7220
--------------------------------------------------------------------------------
                         Iteration time: 1.03s
                           Time elapsed: 0:08:32
                                    ETA: 0:00:05

################################################################################
                           Learning iteration 495/500                            

                            Total steps: 48758784 
                       Steps per second: 95671 
                        Collection time: 0.490s 
                          Learning time: 0.537s 
                        Mean value loss: 4.2802
                    Mean surrogate loss: -0.0088
                      Mean entropy loss: 14.7495
                            Mean reward: 788.81
                    Mean episode length: 988.38
                        Mean action std: 0.83
                /rew/similar_to_default: -6.6882
                  /rew/tracking_lin_vel: 46.3324
                  /rew/tracking_ang_vel: 8.7175
                       /rew/action_rate: -6.5078
                         /rew/lin_vel_z: -0.7497
                       /rew/base_height: -0.7263
--------------------------------------------------------------------------------
                         Iteration time: 1.03s
                           Time elapsed: 0:08:33
                                    ETA: 0:00:04

################################################################################
                           Learning iteration 496/500                            

                            Total steps: 48857088 
                       Steps per second: 95560 
                        Collection time: 0.490s 
                          Learning time: 0.539s 
                        Mean value loss: 4.1332
                    Mean surrogate loss: -0.0080
                      Mean entropy loss: 14.7366
                            Mean reward: 797.22
                    Mean episode length: 990.18
                        Mean action std: 0.83
                /rew/similar_to_default: -6.2139
                  /rew/tracking_lin_vel: 46.3068
                  /rew/tracking_ang_vel: 8.7022
                       /rew/action_rate: -6.4214
                         /rew/lin_vel_z: -0.7841
                       /rew/base_height: -0.7217
--------------------------------------------------------------------------------
                         Iteration time: 1.03s
                           Time elapsed: 0:08:34
                                    ETA: 0:00:03

################################################################################
                           Learning iteration 497/500                            

                            Total steps: 48955392 
                       Steps per second: 95257 
                        Collection time: 0.494s 
                          Learning time: 0.538s 
                        Mean value loss: 5.8311
                    Mean surrogate loss: -0.0063
                      Mean entropy loss: 14.7306
                            Mean reward: 790.55
                    Mean episode length: 987.84
                        Mean action std: 0.83
                /rew/similar_to_default: -5.8684
                  /rew/tracking_lin_vel: 42.7263
                  /rew/tracking_ang_vel: 8.1024
                       /rew/action_rate: -6.0542
                         /rew/lin_vel_z: -0.8045
                       /rew/base_height: -0.6806
--------------------------------------------------------------------------------
                         Iteration time: 1.03s
                           Time elapsed: 0:08:35
                                    ETA: 0:00:02

################################################################################
                           Learning iteration 498/500                            

                            Total steps: 49053696 
                       Steps per second: 95164 
                        Collection time: 0.495s 
                          Learning time: 0.538s 
                        Mean value loss: 5.0576
                    Mean surrogate loss: -0.0068
                      Mean entropy loss: 14.7384
                            Mean reward: 790.25
                    Mean episode length: 981.32
                        Mean action std: 0.83
                /rew/similar_to_default: -6.3661
                  /rew/tracking_lin_vel: 45.8407
                  /rew/tracking_ang_vel: 8.6678
                       /rew/action_rate: -6.6320
                         /rew/lin_vel_z: -0.8424
                       /rew/base_height: -0.6783
--------------------------------------------------------------------------------
                         Iteration time: 1.03s
                           Time elapsed: 0:08:36
                                    ETA: 0:00:01

################################################################################
                           Learning iteration 499/500                            

                            Total steps: 49152000 
                       Steps per second: 95166 
                        Collection time: 0.493s 
                          Learning time: 0.540s 
                        Mean value loss: 3.1955
                    Mean surrogate loss: -0.0075
                      Mean entropy loss: 14.7379
                            Mean reward: 811.94
                    Mean episode length: 999.78
                        Mean action std: 0.83
                /rew/similar_to_default: -5.9886
                  /rew/tracking_lin_vel: 45.8541
                  /rew/tracking_ang_vel: 8.6241
                       /rew/action_rate: -6.5213
                         /rew/lin_vel_z: -0.7663
                       /rew/base_height: -0.7475
--------------------------------------------------------------------------------
                         Iteration time: 1.03s
                           Time elapsed: 0:08:37
                                    ETA: 0:00:00

{
  "num_envs": 4096,
  "iterations": 500,
  "steps_per_iter": 98304,
  "total_env_steps": 49152000,
  "wall_seconds": 520.88,
  "env_steps_per_second": 94363.3,
  "seconds_per_iteration": 1.042,
  "mean_episode_return": 796.341,
  "device": "gfx1100",
  "torch": "2.10.0+rocm7.2.4.git3d3aa833",
  "genesis": "1.3.0",
  "seed": 1
}
CHAAL_DONE
